<?xml version="1.0" encoding="UTF-8"?>
<!DOCTYPE mapper PUBLIC "-//mybatis.org//DTD Mapper 3.0//EN" "http://mybatis.org/dtd/mybatis-3-mapper.dtd">

<!-- mmmmmmmmmmmmmmmmmmmmmmmmmmmmmmmmmmmmmmmmmmmmmmmmmmmmm -->
<!-- mapper 태그 선언 -->
<!-- mmmmmmmmmmmmmmmmmmmmmmmmmmmmmmmmmmmmmmmmmmmmmmmmmmmmm -->
<mapper namespace="com.daybreak.prj.ERPDAO">


<!-- 공용으로 사용할 검색 조건 -->
<sql id="itemstaffWhere">

     <!-- ============================================================== -->
     <!-- 제품명 검색. -->
     <!-- ============================================================== -->
     <if test="ITEM_NAME!=null and ITEM_NAME.length()>0">
          and(

               upper(ITEM_NAME) like upper('%${ITEM_NAME}%')
          )
     </if> 

     <!-- ============================================================== -->
     <!-- 제품코드 검색. -->
     <!-- ============================================================== -->
     <if test="ITEM_CODE!=null and ITEM_CODE.length()>0">
          and(
               
               upper(ITEM_CODE) like upper('%${ITEM_CODE}%')
          )
     </if>

    <!-- 입고일 검색. -->
     <if test="input_date_year_first != null and input_date_year_first.length() > 0 or input_date_year_last != null and input_date_year_last.length() > 0">
     and(
        <![CDATA[
        TOTINPUTCNT > 0
        ]]>
     )
     </if>


    <!-- 출고일 검색. -->
     <if test="output_date_year_first != null and output_date_year_first.length() > 0 or output_date_year_last != null and output_date_year_last.length() > 0">
     and(
        <![CDATA[
        TOTOUTPUTCNT > 0
        ]]>
     )
     </if>

     <!-- 품목 검색 -->
     <if test="category_code != null and category_code != '0'">
        and(
            CATEGORY_CODE = #{category_code}
        )
     </if>

     <!-- 세부품목 검색 -->
     <if test="sub_category_code != null">
            <foreach item="item" index="index" collection="sub_category_code">
                <if test="item != null and item != '0'">
            and(
                SUB_CATEGORY_CODE = #{item}
                )
                </if>
            </foreach>
     </if>

     <!-- 세부품목2 검색 -->
     <if test="sub_sub_category_code != null">
            <foreach item="item" index="index" collection="sub_sub_category_code">
            and(
                <if test="item != '0'">
                SUB_SUB_CATEGORY_CODE = #{item}
                </if>
                )
            </foreach>
     </if>


     <!-- 컬러 검색 -->
     <if test="color_code != null and color_code != '0' and color_code.length() > 0">
        and(
            COLOR_CODE = #{color_code}
        )
     </if>


     <!-- 브랜드 검색 -->
     <if test="brand_code != null and brand_code != '0' and brand_code.length() > 0">
        and(
            BRAND_CODE = #{brand_code}
        )
     </if>


     <!-- 에너지 등급 검색 -->
     <if test="energy_grade_code != null">
        and(
            ENERGY_GRADE_CODE in 
            <foreach item="item" index="index" collection="energy_grade_code" open="(" separator="," close=")">
                #{item}
            </foreach>
        )
     </if>

     <!-- 단종 여부 검색 -->
     <!-- 재고수량 0 검색 -->
     <if test="discontinued != null and discontinued.length() > 0 or zerostock != null and zerostock.length() > 0">
        and(
            <if test="discontinued != null and discontinued.length() > 0">
                DISCONTINUED = #{discontinued}
            </if>
           <if test="discontinued != null and discontinued.length() > 0 and zerostock != null and zerostock.length() > 0">
            or
            </if>
            
            <if test="zerostock != null and zerostock.length() > 0">
                    STOCK = 0
            </if>
        )
     </if>


     <!-- 제조일 검색 -->
    <if test="build_date_year_first!=null and build_date_year_first.length()>0 or build_date_year_last!=null and build_date_year_last.length()>0">
    and (
        <if test="build_date_year_first!=null and build_date_year_first.length()>0">
            <![CDATA[
            TO_NUMBER(TO_CHAR(BUILD_DAY,'YYYYMM')) > TO_NUMBER('${build_date_year_first}${build_date_month_first}')
            ]]>
        </if>
        <if test="build_date_year_first!=null and build_date_year_first.length()>0 and build_date_year_last!=null and build_date_year_last.length()>0">
        and
        </if>
        <if test="build_date_year_last!=null and build_date_year_last.length()>0">
            <![CDATA[
            TO_NUMBER(TO_CHAR(BUILD_DAY,'YYYYMM')) < TO_NUMBER('${build_date_year_last}${build_date_month_last}')
            ]]>
        </if>
        )
    </if>

     <!-- 소비전력 검색 -->
     <if test="power_consum_first != null and power_consum_first.length() > 0 or power_consum_last != null and power_consum_last.length() > 0">

     and(
         <if test="power_consum_first != null and power_consum_first.length() > 0">
                 <![CDATA[TO_NUMBER(POWER_CONSUM) >= ${power_consum_first}]]>
         </if>
         <if test="power_consum_first != null and power_consum_first.length() > 0 and power_consum_last != null and power_consum_last.length() > 0">
            and
         </if>
         <if test="power_consum_last != null and power_consum_last.length() > 0">
                 <![CDATA[TO_NUMBER(POWER_CONSUM) <= ${power_consum_last}]]>
         </if>
     )
     </if>



     <!-- ============================================================== -->
     <!-- 소비전력 검색. -->
     <!-- ============================================================== -->
     <!-- <if test="(power_consum_F!=null and power_consum_F.length()>0) or (power_consum_L!=null and power_consum_L.length()>0)">
     and(
          
          <if test="power_consum_F!=null and power_consum_L==null">
               <![CDATA[ to_number(POWER_CONSUM)  > ${power_consum_F}    ]]>
          </if>
     )
     </if> -->



     <!-- /* 단종 검색 조건 */ -->
     <!-- and(
     G_DISCONTINUED = 'true'
     ) -->

     <!-- /* 재고 수량 0 검색 조건 */ -->
     <!-- and(
     NOW_STOCK = 0
     ) -->
</sql>

<sql id="input_date">
    <if test="input_date_year_first!=null and input_date_year_first.length()>0 or input_date_year_last!=null and input_date_year_last.length()>0">
    and (
        <if test="input_date_year_first!=null and input_date_year_first.length()>0">
            <![CDATA[
            (TO_NUMBER(TO_CHAR(G_INPUT_DATE,'yyyymm')) > TO_NUMBER('${input_date_year_first}${input_date_month_first}'))
            ]]>
        </if>
        <if test="input_date_year_first!=null and input_date_year_first.length()>0 and input_date_year_last!=null and input_date_year_last.length()>0">
        and
        </if>
        <if test="input_date_year_last!=null and input_date_year_last.length()>0">
            <![CDATA[
            (TO_NUMBER(TO_CHAR(G_INPUT_DATE,'yyyymm')) < TO_NUMBER('${input_date_year_last}${input_date_month_last}'))
            ]]>
        </if>
    )
    </if>
</sql>
<sql id="output_date">
    <if test="output_date_year_first!=null and output_date_year_first.length()>0 or output_date_year_last!=null and output_date_year_last.length()>0">
    and (
        <if test="output_date_year_first!=null and output_date_year_first.length()>0">
            <![CDATA[
            (TO_NUMBER(TO_CHAR(G_OUTPUT_DATE,'yyyymm')) > TO_NUMBER('${output_date_year_first}${output_date_month_first}'))
            ]]>
        </if>
        <if test="output_date_year_first!=null and output_date_year_first.length()>0 and output_date_year_last!=null and output_date_year_last.length()>0">
        and
        </if>
        <if test="output_date_year_last!=null and output_date_year_last.length()>0">
            <![CDATA[
            (TO_NUMBER(TO_CHAR(G_OUTPUT_DATE,'yyyymm')) < TO_NUMBER('${output_date_year_last}${output_date_month_last}'))
            ]]>
        </if>
        )
    </if>
</sql>


<!-- 통합검색리스트 뽑는 셀렉트 쿼리 -->
<select id="getSearcALLhList" parameterType="com.daybreak.prj.DTO.ERPSearchDTO"  resultType="java.util.HashMap">

select
*
 from
(
select
sortedTable.*, rownum "RNUM"
from



(
select

G_ITEM_NO "ITEM_NO"
,G_PIC "PIC"
,CATEGORY_CODE "CATEGORY_CODE"
,G_SUB_CATEGORY_CODE "SUB_CATEGORY_CODE"
,G_SUB_SUB_CATEGORY_CODE "SUB_SUB_CATEGORY_CODE"
,CATEGORY_NAME "CATEGORY_NAME"
,G_SUB_CATEGORY_NAME "SUB_CATEGORY_NAME"
,G_SUB_SUB_CATEGORY_NAME "SUB_SUB_CATEGORY_NAME"
,G_ITEM_CODE "ITEM_CODE"
,G_ITEM_NAME "ITEM_NAME"
,TO_CHAR(G_BUILD_DAY,'YYYY-MM') "BUILD_DAY"
,BRAND_NAME "BRAND_NAME"
,BRAND_CODE "BRAND_CODE"
,nvl(ENERGY_GRADE_CODE, '0') "ENERGY_GRADE_CODE"
,nvl(ENERGY_GRADE_NAME, '-') "ENERGY_GRADE_NAME"
,G_POWER_CONSUM "POWER_CONSUM"
,G_ITEM_SIZE_X "ITEM_SIZE_X"
,G_ITEM_SIZE_Y "ITEM_SIZE_Y"
,G_ITEM_SIZE_Z "ITEM_SIZE_Z"
,COLOR_CODE "COLOR_CODE"
,COLOR_NAME "COLOR_NAME"
,G_DISCONTINUED "DISCONTINUED"
,G_ITEM_REG_DATE "ITEM_REG_DATE"
,nvl(TOTINPUTCNT,0) "TOTINPUTCNT"
,nvl(TOTOUTPUTCNT,0) "TOTOUTPUTCNT"
,(nvl(TOTINPUTCNT,0)-nvl(TOTOUTPUTCNT,0)) "STOCK"

from



(
select * from ID_G_ITEMS union all select * from ID_T_ITEMS union all select * from ID_P_ITEMS union all select * from ID_M_ITEMS
) AIT

left outer join

(
select sum(aid.G_STOCK_IN_CNT) "TOTINPUTCNT", aid.G_ITEM_CODE "G_ITEM_CODE" from
(
select * from
(
select * from ID_G_INPUT_DATE union all select * from ID_T_INPUT_DATE union all select * from ID_P_INPUT_DATE union all select * from ID_M_INPUT_DATE
)
where
1=1
<include refid="input_date"/>
) aid
group by aid.G_ITEM_CODE
) AID

on AIT.G_ITEM_CODE = AID.G_ITEM_CODE

left outer join

(
select sum(aod.G_STOCK_OUT_CNT) "TOTOUTPUTCNT", aod.G_ITEM_CODE from
(
select * from
(
select * from ID_G_OUTPUT_DATE union all select * from ID_T_OUTPUT_DATE union all select * from ID_P_OUTPUT_DATE union all select * from ID_M_OUTPUT_DATE
)
where
1=1
<include refid="output_date"/>
) aod
group by G_ITEM_CODE
) AOD
on AIT.G_ITEM_CODE = AOD.G_ITEM_CODE

left outer join

(
 select
 CATEGORY_CODE "CC"
 ,SCC
 ,SSCC 
 ,CATEGORY_NAME
 ,G_SUB_CATEGORY_NAME
 ,G_SUB_SUB_CATEGORY_NAME
  from
 (
select
*
from ID_CATEGORIES c
inner join 
(select CATEGORY_CODE "CC", G_SUB_CATEGORY_CODE, G_SUB_CATEGORY_NAME from ID_G_SUB_CATEGORY) c1
on c.CATEGORY_CODE = c1.CC
inner join
(select G_SUB_CATEGORY_CODE "SCC", G_SUB_SUB_CATEGORY_NAME, G_SUB_SUB_CATEGORY_CODE "SSCC" from ID_G_SUB_SUB_CATEGORY) c2
on c1.G_SUB_CATEGORY_CODE = c2.SCC union all
select
*
from ID_CATEGORIES c
inner join
(select CATEGORY_CODE "CC", T_SUB_CATEGORY_CODE, T_SUB_CATEGORY_NAME from ID_T_SUB_CATEGORY) c1
on c.CATEGORY_CODE = c1.CC
inner join
(select T_SUB_CATEGORY_CODE "SCC", T_SUB_SUB_CATEGORY_NAME, T_SUB_SUB_CATEGORY_CODE "SSCC" from ID_T_SUB_SUB_CATEGORY) c2
on c1.T_SUB_CATEGORY_CODE = c2.SCC union all
select
*
from ID_CATEGORIES c
inner join
(select CATEGORY_CODE "CC", P_SUB_CATEGORY_CODE, P_SUB_CATEGORY_NAME from ID_P_SUB_CATEGORY) c1
on c.CATEGORY_CODE = c1.CC
inner join
(select P_SUB_CATEGORY_CODE "SCC", P_SUB_SUB_CATEGORY_NAME, P_SUB_SUB_CATEGORY_CODE "SSCC" from ID_P_SUB_SUB_CATEGORY) c2
on c1.P_SUB_CATEGORY_CODE = c2.SCC union all
select
*
from ID_CATEGORIES c
inner join
(select CATEGORY_CODE "CC", M_SUB_CATEGORY_CODE, M_SUB_CATEGORY_NAME from ID_M_SUB_CATEGORY) c1
on c.CATEGORY_CODE = c1.CC
inner join
(select M_SUB_CATEGORY_CODE "SCC", M_SUB_SUB_CATEGORY_NAME, M_SUB_SUB_CATEGORY_CODE "SSCC" from ID_M_SUB_SUB_CATEGORY) c2
on c1.M_SUB_CATEGORY_CODE = c2.SCC
)
) cable
on cable.CC = AIT.CATEGORY_CODE and cable.SCC = AIT.G_SUB_CATEGORY_CODE and cable.SSCC = AIT.G_SUB_SUB_CATEGORY_CODE

left outer join

(select BRAND_CODE "BC", BRAND_NAME from brand) brble
on brble.BC = AIT.BRAND_CODE

left outer join

(select COLOR_CODE "CC", COLOR_NAME from COLOR) coble
on coble.CC = AIT.COLOR_CODE

left outer join

(select ENERGY_GRADE_CODE "EGC", ENERGY_GRADE_NAME from ENERGY_GRADE) enble
on enble.EGC = AIT.ENERGY_GRADE_CODE

order by G_ITEM_REG_DATE 

) sortedTable

where
<![CDATA[rownum <= ${selectPageNo*rowCntPerPage}]]>
<include refid="itemstaffWhere" />
) items
 where  
  <![CDATA[items.RNUM >= ${(selectPageNo*rowCntPerPage)-rowCntPerPage+1}]]> 
</select>




<!-- 총검색결과 수 가져오는 쿼리 -->
<select id="getSearchAllCnt" parameterType="com.daybreak.prj.DTO.ERPSearchDTO"  resultType="int">

select
count(*)
 from
(
select
sortedTable.*, rownum "RNUM"
from



(
select

G_ITEM_NO "ITEM_NO"
,G_PIC "PIC"
,CATEGORY_CODE
,G_SUB_CATEGORY_CODE "SUB_CATEGORY_CODE"
,G_SUB_SUB_CATEGORY_CODE "SUB_SUB_CATEGORY_CODE"
,CATEGORY_NAME "CATEGORY_NAME"
,G_SUB_CATEGORY_NAME "SUB_CATEGORY_NAME"
,G_SUB_SUB_CATEGORY_NAME "SUB_SUB_CATEGORY_NAME"
,G_ITEM_CODE "ITEM_CODE"
,G_ITEM_NAME "ITEM_NAME"
,TO_CHAR(G_BUILD_DAY,'YYYY-MM') "BUILD_DAY"
,BRAND_NAME "BRAND_NAME"
,BRAND_CODE "BRAND_CODE"
,nvl(ENERGY_GRADE_CODE, '0') "ENERGY_GRADE_CODE"
,nvl(ENERGY_GRADE_NAME, '-') "ENERGY_GRADE_NAME"
,G_POWER_CONSUM "POWER_CONSUM"
,G_ITEM_SIZE_X "ITEM_SIZE_X"
,G_ITEM_SIZE_Y "ITEM_SIZE_Y"
,G_ITEM_SIZE_Z "ITEM_SIZE_Z"
,COLOR_CODE "COLOR_CODE"
,COLOR_NAME "COLOR_NAME"
,G_DISCONTINUED "DISCONTINUED"
,G_ITEM_REG_DATE "ITEM_REG_DATE"
,nvl(TOTINPUTCNT,0) "TOTINPUTCNT"
,nvl(TOTOUTPUTCNT,0) "TOTOUTPUTCNT"
,(nvl(TOTINPUTCNT,0)-nvl(TOTOUTPUTCNT,0)) "STOCK"

from



(
select * from ID_G_ITEMS union all select * from ID_T_ITEMS union all select * from ID_P_ITEMS union all select * from ID_M_ITEMS
) AIT

left outer join

(
select sum(aid.G_STOCK_IN_CNT) "TOTINPUTCNT", aid.G_ITEM_CODE "G_ITEM_CODE" from
(
select * from
(
select * from ID_G_INPUT_DATE union all select * from ID_T_INPUT_DATE union all select * from ID_P_INPUT_DATE union all select * from ID_M_INPUT_DATE
)
where
1=1
<include refid="input_date"/>
) aid
group by aid.G_ITEM_CODE
) AID

on AIT.G_ITEM_CODE = AID.G_ITEM_CODE

left outer join

(
select sum(aod.G_STOCK_OUT_CNT) "TOTOUTPUTCNT", aod.G_ITEM_CODE from
(
select * from
(
select * from ID_G_OUTPUT_DATE union all select * from ID_T_OUTPUT_DATE union all select * from ID_P_OUTPUT_DATE union all select * from ID_M_OUTPUT_DATE
)
where
1=1
<include refid="output_date"/>
) aod
group by G_ITEM_CODE
)AOD
on AIT.G_ITEM_CODE = AOD.G_ITEM_CODE

left outer join

(
 select
 CATEGORY_CODE "CC"
 ,SCC
 ,SSCC 
 ,CATEGORY_NAME
 ,G_SUB_CATEGORY_NAME
 ,G_SUB_SUB_CATEGORY_NAME
  from
 (
select
*
from ID_CATEGORIES c
inner join 
(select CATEGORY_CODE "CC", G_SUB_CATEGORY_CODE, G_SUB_CATEGORY_NAME from ID_G_SUB_CATEGORY) c1
on c.CATEGORY_CODE = c1.CC
inner join
(select G_SUB_CATEGORY_CODE "SCC", G_SUB_SUB_CATEGORY_NAME, G_SUB_SUB_CATEGORY_CODE "SSCC" from ID_G_SUB_SUB_CATEGORY) c2
on c1.G_SUB_CATEGORY_CODE = c2.SCC union all
select
*
from ID_CATEGORIES c
inner join
(select CATEGORY_CODE "CC", T_SUB_CATEGORY_CODE, T_SUB_CATEGORY_NAME from ID_T_SUB_CATEGORY) c1
on c.CATEGORY_CODE = c1.CC
inner join
(select T_SUB_CATEGORY_CODE "SCC", T_SUB_SUB_CATEGORY_NAME, T_SUB_SUB_CATEGORY_CODE "SSCC" from ID_T_SUB_SUB_CATEGORY) c2
on c1.T_SUB_CATEGORY_CODE = c2.SCC union all
select
*
from ID_CATEGORIES c
inner join
(select CATEGORY_CODE "CC", P_SUB_CATEGORY_CODE, P_SUB_CATEGORY_NAME from ID_P_SUB_CATEGORY) c1
on c.CATEGORY_CODE = c1.CC
inner join
(select P_SUB_CATEGORY_CODE "SCC", P_SUB_SUB_CATEGORY_NAME, P_SUB_SUB_CATEGORY_CODE "SSCC" from ID_P_SUB_SUB_CATEGORY) c2
on c1.P_SUB_CATEGORY_CODE = c2.SCC union all
select
*
from ID_CATEGORIES c
inner join
(select CATEGORY_CODE "CC", M_SUB_CATEGORY_CODE, M_SUB_CATEGORY_NAME from ID_M_SUB_CATEGORY) c1
on c.CATEGORY_CODE = c1.CC
inner join
(select M_SUB_CATEGORY_CODE "SCC", M_SUB_SUB_CATEGORY_NAME, M_SUB_SUB_CATEGORY_CODE "SSCC" from ID_M_SUB_SUB_CATEGORY) c2
on c1.M_SUB_CATEGORY_CODE = c2.SCC
)
) cable
on cable.CC = AIT.CATEGORY_CODE and cable.SCC = AIT.G_SUB_CATEGORY_CODE and cable.SSCC = AIT.G_SUB_SUB_CATEGORY_CODE

left outer join

(select BRAND_CODE "BC", BRAND_NAME from brand) brble
on brble.BC = AIT.BRAND_CODE

left outer join

(select COLOR_CODE "CC", COLOR_NAME from COLOR) coble
on coble.CC = AIT.COLOR_CODE

left outer join

(select ENERGY_GRADE_CODE "EGC", ENERGY_GRADE_NAME from ENERGY_GRADE) enble
on enble.EGC = AIT.ENERGY_GRADE_CODE

order by G_ITEM_REG_DATE 

) sortedTable

where
1=1
<include refid="itemstaffWhere" />
) items
</select>



<!-- 게시판 글 입력하는 insert 문을 내포한 insert 태그 선언 -->
<insert id='insertErp' parameterType="com.daybreak.prj.DTO.ERPDTO">
<!-- insert into ID_g_items(  			
          g_item_no
          ,category_code
          ,g_sub_category_code
          ,g_sub_sub_category_code
          ,brand_code
          ,g_item_code
          ,g_item_name
          ,g_build_day 
          <if test="g_pic!=null and g_pic.length()>0">
          ,g_pic 
          </if>
          ,energy_grade_code
          ,g_power_consum 
          ,color_code
          ,g_item_size_x
          ,g_item_size_y
          ,g_item_size_z
          ,g_discontinued 		
     ) values (
     		(select nvl(max(g_item_no),0)+1 from ID_g_items)
          ,#{category_code} 
          ,#{g_sub_category_code} 
          ,#{g_sub_sub_category_code} 
          ,#{brand_code} 
          ,#{g_item_code} 
          ,#{g_item_name} 
          ,#{g_build_day} 
          <if test="g_pic!=null and g_pic.length()>0">
          ,#{g_pic }
          </if>
          ,#{energy_grade_code} 
          ,#{g_power_consum} 
          ,#{color_code} 
          ,#{g_item_size_x} 
          ,#{g_item_size_y} 
          ,#{g_item_size_z}
          ,#{g_discontinued} 
     ) -->

     <if test="reg_category_code==1">
     insert into ID_g_items(  			
          g_item_no
          ,category_code
          ,g_sub_category_code
          ,g_sub_sub_category_code
          ,brand_code
          ,g_item_code
          ,g_item_name
          ,g_build_day 
          <!-- 만약에 ERPDTO 객체안의 pic 속성변수에 데이터가 있으면 -->
          <!-- <참고> pic 속성변수에는 업로드된 파일의 새이름이 저장되어 있다. -->
          <if test="g_pic!=null and g_pic.length()>0">
          ,g_pic 
          </if>
          ,energy_grade_code
          ,g_power_consum 
          ,color_code
          ,g_item_size_x
          ,g_item_size_y
          ,g_item_size_z
          ,g_discontinued 		
     ) values (
     		(select nvl(max(g_item_no),0)+1 from ID_g_items)
          ,#{reg_category_code} 
          ,#{reg__sub_category_code} 
          ,#{reg_sub_sub_category_code} 
          ,#{reg_brand_code} 
          ,#{reg_item_code} 
          ,#{reg_item_name} 
          ,#{reg_build_day} 
          <!-- 만약에 BoardDTO 객체안의 pic 속성변수에 데이터가 있으면 -->
          <if test="g_pic!=null and g_pic.length()>0">
          <!-- pic 속성변수에 데이터 꺼내서 '를 붙여서 표현하기 -->
          ,#{g_pic }
          </if>
          ,#{reg_energy_grade_code} 
          ,#{reg_power_consum} 
          ,#{reg_color_code} 
          ,#{reg_item_size_x} 
          ,#{reg_item_size_y} 
          ,#{reg_item_size_z}
          ,#{reg_discontinued} 
     )
     </if> 
     <if test="reg_category_code==2">
          insert into ID_t_items(  			
          t_item_no
          ,category_code
          ,t_sub_category_code
          ,t_sub_sub_category_code
          ,brand_code
          ,t_item_code
          ,t_item_name
          ,t_build_day 
          <!-- 만약에 ERPDTO 객체안의 pic 속성변수에 데이터가 있으면 -->
          <!-- <참고> pic 속성변수에는 업로드된 파일의 새이름이 저장되어 있다. -->
          <if test="g_pic!=null and g_pic.length()>0">
          ,t_pic 
          </if>
          ,energy_grade_code
          ,t_power_consum 
          ,color_code
          ,t_item_size_x
          ,t_item_size_y
          ,t_item_size_z
          ,t_discontinued 		
     ) values (
     		(select nvl(max(t_item_no),0)+1 from ID_t_items)
          ,#{reg_category_code} 
          ,1                        <!-- TV 중분류는 1 고정 -->
          ,#{reg__sub_category_code}   <!-- TV는 본래 sub였던 정보를 subsub에 일단 넣기로 했습니다 -->
          ,#{reg_brand_code} 
          ,#{reg_item_code} 
          ,#{reg_item_name} 
          ,#{reg_build_day} 
          <!-- 만약에 BoardDTO 객체안의 pic 속성변수에 데이터가 있으면 -->
          <if test="g_pic!=null and g_pic.length()>0">
          <!-- pic 속성변수에 데이터 꺼내서 '를 붙여서 표현하기 -->
          ,#{g_pic }
          </if>
          ,#{reg_energy_grade_code} 
          ,#{reg_power_consum} 
          ,#{reg_color_code} 
          ,#{reg_item_size_x} 
          ,#{reg_item_size_y} 
          ,#{reg_item_size_z}
          ,#{reg_discontinued} 
     )
     </if>
     <if test="reg_category_code==3">
          insert into ID_p_items(  			
          p_item_no
          ,category_code
          ,p_sub_category_code
          ,p_sub_sub_category_code
          ,brand_code
          ,p_item_code
          ,p_item_name
          ,p_build_day 
          <!-- 만약에 ERPDTO 객체안의 pic 속성변수에 데이터가 있으면 -->
          <!-- <참고> pic 속성변수에는 업로드된 파일의 새이름이 저장되어 있다. -->
          <if test="g_pic!=null and g_pic.length()>0">
          ,p_pic 
          </if>
          ,energy_grade_code
          ,p_power_consum 
          ,color_code
          ,p_item_size_x
          ,p_item_size_y
          ,p_item_size_z
          ,p_discontinued 		
     ) values (
     		(select nvl(max(p_item_no),0)+1 from ID_p_items)
          ,#{reg_category_code} 
          ,#{reg__sub_category_code} 
          ,#{reg_sub_sub_category_code} 
          ,#{reg_brand_code} 
          ,#{reg_item_code} 
          ,#{reg_item_name} 
          ,#{reg_build_day} 
          <!-- 만약에 BoardDTO 객체안의 pic 속성변수에 데이터가 있으면 -->
          <if test="g_pic!=null and g_pic.length()>0">
          <!-- pic 속성변수에 데이터 꺼내서 '를 붙여서 표현하기 -->
          ,#{g_pic }
          </if>
          ,#{reg_energy_grade_code} 
          ,#{reg_power_consum} 
          ,#{reg_color_code} 
          ,#{reg_item_size_x} 
          ,#{reg_item_size_y} 
          ,#{reg_item_size_z}
          ,#{reg_discontinued} 
     )
     </if>
     <if test="reg_category_code==4">
          insert into ID_m_items(  			
          m_item_no
          ,category_code
          ,m_sub_category_code
          ,m_sub_sub_category_code
          ,brand_code
          ,m_item_code
          ,m_item_name
          ,m_build_day 
          <!-- 만약에 ERPDTO 객체안의 pic 속성변수에 데이터가 있으면 -->
          <!-- <참고> pic 속성변수에는 업로드된 파일의 새이름이 저장되어 있다. -->
          <if test="g_pic!=null and g_pic.length()>0">
          ,m_pic 
          </if>
          ,energy_grade_code
          ,m_power_consum 
          ,color_code
          ,m_item_size_x
          ,m_item_size_y
          ,m_item_size_z
          ,m_discontinued 		
     ) values (
     		(select nvl(max(m_item_no),0)+1 from ID_m_items)
          ,#{reg_category_code} 
          ,#{reg__sub_category_code} 
          ,1                        <!-- 모바일 소분류는 1 고정 -->
          ,#{reg_brand_code} 
          ,#{reg_item_code} 
          ,#{reg_item_name} 
          ,#{reg_build_day} 
          <!-- 만약에 BoardDTO 객체안의 pic 속성변수에 데이터가 있으면 -->
          <if test="g_pic!=null and g_pic.length()>0">
          <!-- pic 속성변수에 데이터 꺼내서 '를 붙여서 표현하기 -->
          ,#{g_pic }
          </if>
          ,#{reg_energy_grade_code} 
          ,#{reg_power_consum} 
          ,#{reg_color_code} 
          ,#{reg_item_size_x} 
          ,#{reg_item_size_y} 
          ,#{reg_item_size_z}
          ,#{reg_discontinued} 
     )
     </if>



     

</insert>


<!-- 게시판 이미지 이름 가져오는 select 문을 내포한 select 태그 선언 -->
<!-- 이거는 테이블이 수정안되서,바꿔야함 -->
<select id="getPic" parameterType="com.daybreak.prj.DTO.ERPDTO" resultType="String">
     select g_pic from BO_ID_g_items where g_item_code=#{g_item_code}
</select>


<!-- 삭제할 이미지 이름 가져오는 ... -->
<select id="G_pic" parameterType="com.daybreak.prj.DTO.ERPDTO" resultType="String">
     select g_pic from ID_g_items where g_item_code=#{paramV}
</select>


<!-- 삭제 존재 개수 DB 에서 확인 -->
<select id="get_del_ERPCnt" parameterType="com.daybreak.prj.DTO.ERPDTO" resultType="int">

     <if test="reg_category_code==1">
     select count(*) from ID_g_items where g_item_code=#{paramV}
     </if> 
     <if test="reg_category_code==2">
     select count(*) from ID_t_items where t_item_code=#{paramV}
     </if>
     <if test="reg_category_code==3">
     select count(*) from ID_p_items where p_item_code=#{paramV}
     </if>
     <if test="reg_category_code==4">
     select count(*) from ID_m_items where m_item_code=#{paramV}
     </if>

</select>


<!-- 각 items 테이블의 제품 삭제. -->
<delete id="delete_erp" parameterType="com.daybreak.prj.DTO.ERPDTO">
     <if test="reg_category_code==1">
          delete

          from 
               ID_G_ITEMS        
          where 
               g_item_code=#{paramV}
     </if> 
     <if test="reg_category_code==2">
          delete

          from 
               ID_T_ITEMS        
          where 
               t_item_code=#{paramV}
     </if> 
     <if test="reg_category_code==3">
          delete

          from 
               ID_P_ITEMS        
          where 
               p_item_code=#{paramV}
     </if>
     <if test="reg_category_code==4">
          delete

          from 
               ID_M_ITEMS        
          where 
               m_item_code=#{paramV}
     </if>
</delete>

<!-- 각 대분류별 input 테이블쪽 삭제 -->
<delete id="delete_input" parameterType="com.daybreak.prj.DTO.ERPDTO">
     <if test="reg_category_code==1">
          delete

          from 
               ID_G_INPUT_DATE        
          where 
               g_item_code=#{paramV}
     </if>
     <if test="reg_category_code==2">
          delete

          from 
               ID_T_INPUT_DATE        
          where 
               t_item_code=#{paramV}
     </if>
     <if test="reg_category_code==3">
          delete

          from 
               ID_P_INPUT_DATE        
          where 
               p_item_code=#{paramV}
     </if>
     <if test="reg_category_code==4">
          delete

          from 
               ID_M_INPUT_DATE        
          where 
               m_item_code=#{paramV}
     </if>
</delete>

<!-- 각 대분류별 output 테이블 쪽 삭제 -->
<delete id="delete_output" parameterType="com.daybreak.prj.DTO.ERPDTO">
     <if test="reg_category_code==1">
          delete

          from 
               ID_G_OUTPUT_DATE        
          where 
               g_item_code=#{paramV}
     </if>
     <if test="reg_category_code==2">
          delete

          from 
               ID_T_OUTPUT_DATE        
          where 
               t_item_code=#{paramV}
     </if>
     <if test="reg_category_code==3">
          delete

          from 
               ID_P_OUTPUT_DATE        
          where 
               p_item_code=#{paramV}
     </if>
     <if test="reg_category_code==4">
          delete

          from 
               ID_M_OUTPUT_DATE        
          where 
               m_item_code=#{paramV}
     </if>
</delete>





<!-- 여기서부터는 재고관리 각카테고리의 검색리스트를 뽑는 셀랙트 쿼리입니다.  -->
<!-- 가전검색리스트 뽑는 셀렉트 쿼리 -->
<select id="getSearch_G_List" parameterType="com.daybreak.prj.DTO.ERPSearchDTO"  resultType="java.util.HashMap">

	select * from (select rownum RNUM,B.* from (      
        select
            IGI.G_ITEM_NO "ITEM_NO"
            ,IGI.G_PIC "PIC"
            ,IGI.CATEGORY_CODE "CATEGORY_CODE"
            ,C.CATEGORY_NAME "CATEGORY_NAME"
            ,IGSC.G_SUB_CATEGORY_NAME "SUB_CATEGORY_NAME"     
            ,GSSC.G_SUB_SUB_CATEGORY_NAME "SUB_SUB_CATEGORY_NAME"
            ,IGI.G_ITEM_CODE "ITEM_CODE"
            ,IGI.G_ITEM_NAME "ITEM_NAME"
            ,to_char(IGI.G_BUILD_DAY , 'YYYY-MM') "BUILD_DAY"
            ,B.BRAND_NAME "BRAND_NAME"
            ,IGI.BRAND_CODE "BRAND_CODE"
            ,nvl(EG.ENERGY_GRADE_NAME, '-')                 "ENERGY_GRADE_NAME" 
            ,IGI.G_POWER_CONSUM "POWER_CONSUM"
            ,IGI.G_ITEM_SIZE_X  "ITEM_SIZE_X"
            ,IGI.G_ITEM_SIZE_Y  "ITEM_SIZE_Y"
            ,IGI.G_ITEM_SIZE_Z  "ITEM_SIZE_Z"
            ,COL.COLOR_NAME  "COLOR_NAME"
            ,IGI.G_DISCONTINUED "DISCONTINUED"
            ,IGI.G_ITEM_REG_DATE "ITEM_REG_DATE"
            ,nvl(GIPS.G_INSTOCK,0)-nvl(GOPS.G_OUTSTOCK,0) "STOCK"
        from (((((((ID_G_ITEMS IGI inner join ID_G_SUB_CATEGORY IGSC
        on  IGI.G_SUB_CATEGORY_CODE =  IGSC.G_SUB_CATEGORY_CODE ) inner join BRAND B on B.BRAND_CODE=IGI.BRAND_CODE) 
        inner join ID_CATEGORIES C on C.CATEGORY_CODE=IGI.CATEGORY_CODE) 
        inner join ID_G_SUB_SUB_CATEGORY GSSC on GSSC.G_SUB_SUB_CATEGORY_CODE=IGI.G_SUB_SUB_CATEGORY_CODE) 
        left outer join ENERGY_GRADE EG on IGI.ENERGY_GRADE_CODE=EG.ENERGY_GRADE_CODE)
        inner join COLOR COL on COL.COLOR_CODE=IGI.COLOR_CODE)left outer join(select  IGI.G_ITEM_CODE ,nvl(SUM(GIPD.G_STOCK_IN_CNT),0) "G_INSTOCK" from
        ID_G_ITEMS IGI inner join ID_G_INPUT_DATE GIPD on IGI.G_ITEM_CODE=GIPD.G_ITEM_CODE group by IGI.G_ITEM_CODE) GIPS on GIPS.G_ITEM_CODE=IGI.G_ITEM_CODE)
        left outer join (select  IGI.G_ITEM_CODE ,nvl(SUM(GOPD.G_STOCK_OUT_CNT),0) "G_OUTSTOCK" from
        ID_G_ITEMS IGI inner join ID_G_OUTPUT_DATE GOPD on IGI.G_ITEM_CODE=GOPD.G_ITEM_CODE group by IGI.G_ITEM_CODE) GOPS on GOPS.G_ITEM_CODE=IGI.G_ITEM_CODE 
 
      	where
      	1=1
		<include refid="itemstaffWhere"/>
		order by G_ITEM_REG_DATE desc
    ) B <![CDATA[where rownum<=${selectPageNo*rowCntPerPage}) where RNUM>=${selectPageNo*rowCntPerPage-rowCntPerPage+1}]]>
    
</select>

<!-- TV 검색 개수 가져오는 셀렉트 쿼리 -->
<select id="getSearch_T_List" parameterType="com.daybreak.prj.DTO.ERPSearchDTO"  resultType="java.util.HashMap">

	select * from (select rownum RNUM,B.* from (      
        select
            ITI.T_ITEM_NO                    "ITEM_NO"
            ,ITI.T_PIC                       "PIC"
            ,ITI.CATEGORY_CODE                    "CATEGORY_CODE"
            ,C.CATEGORY_NAME                      "CATEGORY_NAME"
            ,ITSC.T_SUB_CATEGORY_NAME             "SUB_CATEGORY_NAME" 
            ,TSSC.T_SUB_SUB_CATEGORY_NAME         "SUB_SUB_CATEGORY_NAME"
            ,ITI.T_ITEM_CODE                      "ITEM_CODE"
            ,ITI.T_ITEM_NAME                      "ITEM_NAME"
            ,to_char(ITI.T_BUILD_DAY , 'YYYY-MM') "BUILD_DAY"
            ,B.BRAND_NAME                         "BRAND_NAME"
            ,ITI.BRAND_CODE                       "BRAND_CODE"
            ,nvl(EG.ENERGY_GRADE_NAME, '-')                 "ENERGY_GRADE_NAME" 
            ,ITI.T_POWER_CONSUM                   "POWER_CONSUM"
            ,ITI.T_ITEM_SIZE_X                    "ITEM_SIZE_X"
            ,ITI.T_ITEM_SIZE_Y                    "ITEM_SIZE_Y"
            ,ITI.T_ITEM_SIZE_Z                    "ITEM_SIZE_Z"
            ,COL.COLOR_NAME                       "COLOR_NAME"
            ,ITI.T_DISCONTINUED                   "DISCONTINUED"
            ,ITI.T_ITEM_REG_DATE                  "ITEM_REG_DATE"
            ,nvl(TIPS.T_INSTOCK,0)-nvl(TOPS.T_OUTSTOCK,0)   "STOCK"
        from (((((((ID_T_ITEMS ITI inner join ID_T_SUB_CATEGORY ITSC
        on  ITI.T_SUB_CATEGORY_CODE =  ITSC.T_SUB_CATEGORY_CODE ) inner join BRAND B on B.BRAND_CODE=ITI.BRAND_CODE) 
        inner join ID_CATEGORIES C on C.CATEGORY_CODE=ITI.CATEGORY_CODE) 
        inner join ID_T_SUB_SUB_CATEGORY TSSC on TSSC.T_SUB_SUB_CATEGORY_CODE=ITI.T_SUB_SUB_CATEGORY_CODE) 
        left outer join ENERGY_GRADE EG on ITI.ENERGY_GRADE_CODE=EG.ENERGY_GRADE_CODE)
        inner join COLOR COL on COL.COLOR_CODE=ITI.COLOR_CODE)left outer join(select  ITI.T_ITEM_CODE ,nvl(SUM(TIPD.T_STOCK_IN_CNT),0) "T_INSTOCK" from
        ID_T_ITEMS ITI inner join ID_T_INPUT_DATE TIPD on ITI.T_ITEM_CODE=TIPD.T_ITEM_CODE group by ITI.T_ITEM_CODE) TIPS on TIPS.T_ITEM_CODE=ITI.T_ITEM_CODE)
        left outer join (select  ITI.T_ITEM_CODE ,nvl(SUM(TOPD.T_STOCK_OUT_CNT),0) "T_OUTSTOCK" from
        ID_T_ITEMS ITI inner join ID_T_OUTPUT_DATE TOPD on ITI.T_ITEM_CODE=TOPD.T_ITEM_CODE group by ITI.T_ITEM_CODE) TOPS on TOPS.T_ITEM_CODE=ITI.T_ITEM_CODE
      	where
      	1=1
		<include refid="itemstaffWhere"/>
		order by T_ITEM_REG_DATE desc
    ) B <![CDATA[where rownum<=${selectPageNo*rowCntPerPage}) where RNUM>=${selectPageNo*rowCntPerPage-rowCntPerPage+1}]]>
    
</select>

<!-- PC검색리스트 뽑는 셀렉트 쿼리 -->
<select id="getSearch_P_List" parameterType="com.daybreak.prj.DTO.ERPSearchDTO"  resultType="java.util.HashMap">

	select * from (select rownum RNUM,B.* from (      
        select
            IPI.P_ITEM_NO                         "ITEM_NO"
            ,IPI.P_PIC                            "PIC"
            ,C.CATEGORY_NAME                      "CATEGORY_NAME"
            ,IPSC.P_SUB_CATEGORY_NAME             "SUB_CATEGORY_NAME"          
            ,PSSC.P_SUB_SUB_CATEGORY_NAME         "SUB_SUB_CATEGORY_NAME"
            ,IPI.P_ITEM_CODE                      "ITEM_CODE"
            ,IPI.P_ITEM_NAME                      "ITEM_NAME"
            ,to_char(IPI.P_BUILD_DAY , 'YYYY-MM') "BUILD_DAY"
            ,B.BRAND_NAME                         "BRAND_NAME"
            ,IPI.BRAND_CODE                       "BRAND_CODE"      
            ,nvl(EG.ENERGY_GRADE_NAME, '-')                 "ENERGY_GRADE_NAME" 
            ,IPI.P_POWER_CONSUM                   "POWER_CONSUM"
            ,IPI.P_ITEM_SIZE_X                    "ITEM_SIZE_X"
            ,IPI.P_ITEM_SIZE_Y                    "ITEM_SIZE_Y"
            ,IPI.P_ITEM_SIZE_Z                    "ITEM_SIZE_Z"
            ,COL.COLOR_NAME                       "COLOR_NAME"
            ,IPI.P_DISCONTINUED                   "DISCONTINUED"
            ,IPI.P_ITEM_REG_DATE                  "ITEM_REG_DATE"
            
            ,nvl(PIPS.P_INSTOCK,0)-nvl(POPS.P_OUTSTOCK,0) "STOCK"
        from (((((((ID_P_ITEMS IPI inner join ID_P_SUB_CATEGORY IPSC
        on  IPI.P_SUB_CATEGORY_CODE =  IPSC.P_SUB_CATEGORY_CODE ) inner join BRAND B on B.BRAND_CODE=IPI.BRAND_CODE) 
        inner join ID_CATEGORIES C on C.CATEGORY_CODE=IPI.CATEGORY_CODE) 
        inner join ID_P_SUB_SUB_CATEGORY PSSC on PSSC.P_SUB_SUB_CATEGORY_CODE=IPI.P_SUB_SUB_CATEGORY_CODE) 
        left outer join ENERGY_GRADE EG on IPI.ENERGY_GRADE_CODE=EG.ENERGY_GRADE_CODE)
        inner join COLOR COL on COL.COLOR_CODE=IPI.COLOR_CODE)left outer join(select  IPI.P_ITEM_CODE ,nvl(SUM(PIPD.P_STOCK_IN_CNT),0) "P_INSTOCK" from
        ID_P_ITEMS IPI inner join ID_P_INPUT_DATE PIPD on IPI.P_ITEM_CODE=PIPD.P_ITEM_CODE group by IPI.P_ITEM_CODE) PIPS on PIPS.P_ITEM_CODE=IPI.P_ITEM_CODE)
        left outer join (select  IPI.P_ITEM_CODE ,nvl(SUM(POPD.P_STOCK_OUT_CNT),0) "P_OUTSTOCK" from
        ID_P_ITEMS IPI inner join ID_P_OUTPUT_DATE POPD on IPI.P_ITEM_CODE=POPD.P_ITEM_CODE group by IPI.P_ITEM_CODE) POPS on POPS.P_ITEM_CODE=IPI.P_ITEM_CODE
      	where
      	1=1
		<include refid="itemstaffWhere"/>
		order by P_ITEM_REG_DATE desc
    ) B <![CDATA[where rownum<=${selectPageNo*rowCntPerPage}) where RNUM>=${selectPageNo*rowCntPerPage-rowCntPerPage+1}]]>
    
</select>

<!-- 모바일검색리스트 뽑는 셀렉트 쿼리 -->
<select id="getSearch_M_List" parameterType="com.daybreak.prj.DTO.ERPSearchDTO"  resultType="java.util.HashMap">

	select * from (select rownum RNUM,B.* from (      
        select
               IMI.M_ITEM_NO                    "ITEM_NO"
               ,IMI.M_PIC                       "PIC"
               ,C.CATEGORY_NAME                 "CATEGORY_NAME"
               ,IMSC.M_SUB_CATEGORY_NAME        "SUB_CATEGORY_NAME"    
               ,MSSC.M_SUB_SUB_CATEGORY_NAME    "SUB_SUB_CATEGORY_NAME"
               ,IMI.M_ITEM_CODE                 "ITEM_CODE"
               ,IMI.M_ITEM_NAME                 "ITEM_NAME"
               ,to_char(IMI.M_BUILD_DAY , 'YYYY-MM') "BUILD_DAY"
               ,B.BRAND_NAME                    "BRAND_NAME"
               ,IMI.BRAND_CODE                  "BRAND_CODE"  
               ,nvl(EG.ENERGY_GRADE_NAME, '-')            "ENERGY_GRADE_NAME" 
               ,IMI.M_POWER_CONSUM              "POWER_CONSUM"
               ,IMI.M_ITEM_SIZE_X               "ITEM_SIZE_X"
               ,IMI.M_ITEM_SIZE_Y               "ITEM_SIZE_Y"
               ,IMI.M_ITEM_SIZE_Z               "ITEM_SIZE_Z"
               ,COL.COLOR_NAME                  "COLOR_NAME"
               ,IMI.M_DISCONTINUED              "DISCONTINUED"
               ,IMI.M_ITEM_REG_DATE             "ITEM_REG_DATE"
            
            ,nvl(MIPS.M_INSTOCK,0)-nvl(MOPS.M_OUTSTOCK,0)  "STOCK"
        from (((((((ID_M_ITEMS IMI inner join ID_M_SUB_CATEGORY IMSC
        on  IMI.M_SUB_CATEGORY_CODE =  IMSC.M_SUB_CATEGORY_CODE ) inner join BRAND B on B.BRAND_CODE=IMI.BRAND_CODE) 
        inner join ID_CATEGORIES C on C.CATEGORY_CODE=IMI.CATEGORY_CODE) 
        inner join ID_M_SUB_SUB_CATEGORY MSSC on MSSC.M_SUB_SUB_CATEGORY_CODE=IMI.M_SUB_SUB_CATEGORY_CODE) 
        left outer join ENERGY_GRADE EG on IMI.ENERGY_GRADE_CODE=EG.ENERGY_GRADE_CODE)
        inner join COLOR COL on COL.COLOR_CODE=IMI.COLOR_CODE)left outer join(select  IMI.M_ITEM_CODE ,nvl(SUM(MIPD.M_STOCK_IN_CNT),0) "M_INSTOCK" from
        ID_M_ITEMS IMI inner join ID_M_INPUT_DATE MIPD on IMI.M_ITEM_CODE=MIPD.M_ITEM_CODE group by IMI.M_ITEM_CODE) MIPS on MIPS.M_ITEM_CODE=IMI.M_ITEM_CODE)
        left outer join (select  IMI.M_ITEM_CODE ,nvl(SUM(MOPD.M_STOCK_OUT_CNT),0) "M_OUTSTOCK" from
        ID_M_ITEMS IMI inner join ID_M_OUTPUT_DATE MOPD on IMI.M_ITEM_CODE=MOPD.M_ITEM_CODE group by IMI.M_ITEM_CODE) MOPS on MOPS.M_ITEM_CODE=IMI.M_ITEM_CODE
      	where
      	1=1
		<include refid="itemstaffWhere"/>
		order by M_ITEM_REG_DATE desc
    ) B <![CDATA[where rownum<=${selectPageNo*rowCntPerPage}) where RNUM>=${selectPageNo*rowCntPerPage-rowCntPerPage+1}]]>
    
</select>






<!-- 여기서부터는 재고관리 안쪽 검색개수리턴 셀랙트 쿼리입니다.  -->
<!-- 가전검색 재고관리쪽 개수 뽑는 셀렉트 쿼리 -->
<select id="getSearch_G_List_Cnt" parameterType="com.daybreak.prj.DTO.ERPSearchDTO"  resultType="int">

	select count(*) from (      
        select
               IGI.G_ITEM_NO "ITEM_NO"
               ,IGI.G_PIC "PIC"
               ,IGI.CATEGORY_CODE "CATEGORY_CODE"
               ,C.CATEGORY_NAME "CATEGORY_NAME"
               ,IGSC.G_SUB_CATEGORY_NAME "SUB_CATEGORY_NAME"     
               ,GSSC.G_SUB_SUB_CATEGORY_NAME "SUB_SUB_CATEGORY_NAME"
               ,IGI.G_ITEM_CODE "ITEM_CODE"
               ,IGI.G_ITEM_NAME "ITEM_NAME"
               ,IGI.G_BUILD_DAY "BUILD_DAY"
               ,B.BRAND_NAME "BRAND_NAME"
               ,IGI.BRAND_CODE "BRAND_CODE"
               ,EG.ENERGY_GRADE_NAME "ENERGY_GRADE_NAME"
               ,IGI.G_POWER_CONSUM "POWER_CONSUM"
               ,IGI.G_ITEM_SIZE_X  "ITEM_SIZE_X"
               ,IGI.G_ITEM_SIZE_Y  "ITEM_SIZE_Y"
               ,IGI.G_ITEM_SIZE_Z  "ITEM_SIZE_Z"
               ,COL.COLOR_NAME  "COLOR_NAME"
               ,IGI.G_DISCONTINUED "DISCONTINUED"
               ,IGI.G_ITEM_REG_DATE "ITEM_REG_DATE"
               ,nvl(GIPS.G_INSTOCK,0)-nvl(GOPS.G_OUTSTOCK,0) "STOCK"
          from (((((((ID_G_ITEMS IGI inner join ID_G_SUB_CATEGORY IGSC
          on  IGI.G_SUB_CATEGORY_CODE =  IGSC.G_SUB_CATEGORY_CODE ) inner join BRAND B on B.BRAND_CODE=IGI.BRAND_CODE) 
          inner join ID_CATEGORIES C on C.CATEGORY_CODE=IGI.CATEGORY_CODE) 
          inner join ID_G_SUB_SUB_CATEGORY GSSC on GSSC.G_SUB_SUB_CATEGORY_CODE=IGI.G_SUB_SUB_CATEGORY_CODE) 
          left outer join ENERGY_GRADE EG on IGI.ENERGY_GRADE_CODE=EG.ENERGY_GRADE_CODE)
          inner join COLOR COL on COL.COLOR_CODE=IGI.COLOR_CODE)left outer join(select  IGI.G_ITEM_CODE ,nvl(SUM(GIPD.G_STOCK_IN_CNT),0) "G_INSTOCK" from
          ID_G_ITEMS IGI inner join ID_G_INPUT_DATE GIPD on IGI.G_ITEM_CODE=GIPD.G_ITEM_CODE group by IGI.G_ITEM_CODE) GIPS on GIPS.G_ITEM_CODE=IGI.G_ITEM_CODE)
          left outer join (select  IGI.G_ITEM_CODE ,nvl(SUM(GOPD.G_STOCK_OUT_CNT),0) "G_OUTSTOCK" from
          ID_G_ITEMS IGI inner join ID_G_OUTPUT_DATE GOPD on IGI.G_ITEM_CODE=GOPD.G_ITEM_CODE group by IGI.G_ITEM_CODE) GOPS on GOPS.G_ITEM_CODE=IGI.G_ITEM_CODE 
     )
     where
     1=1
     <include refid="itemstaffWhere"/>
     order by ITEM_REG_DATE desc
     
    
</select>

<!--TV 검색 재고관리쪽 개수 뽑는 셀렉트 쿼리 -->
<select id="getSearch_T_List_Cnt" parameterType="com.daybreak.prj.DTO.ERPSearchDTO"  resultType="int">

	select count(*) from (     
        select
            ITI.T_ITEM_NO                    "ITEM_NO"
            ,ITI.T_PIC                       "PIC"
            ,ITI.CATEGORY_CODE                    "CATEGORY_CODE"
            ,C.CATEGORY_NAME                      "CATEGORY_NAME"
            ,ITSC.T_SUB_CATEGORY_NAME             "SUB_CATEGORY_NAME" 
            ,TSSC.T_SUB_SUB_CATEGORY_NAME         "SUB_SUB_CATEGORY_NAME"
            ,ITI.T_ITEM_CODE                      "ITEM_CODE"
            ,ITI.T_ITEM_NAME                      "ITEM_NAME"
            ,ITI.T_BUILD_DAY                      "BUILD_DAY"
            ,B.BRAND_NAME                         "BRAND_NAME"
            ,ITI.BRAND_CODE                       "BRAND_CODE"
            ,EG.ENERGY_GRADE_NAME                 "ENERGY_GRADE_NAME"
            ,ITI.T_POWER_CONSUM                   "POWER_CONSUM"
            ,ITI.T_ITEM_SIZE_X                    "ITEM_SIZE_X"
            ,ITI.T_ITEM_SIZE_Y                    "ITEM_SIZE_Y"
            ,ITI.T_ITEM_SIZE_Z                    "ITEM_SIZE_Z"
            ,COL.COLOR_NAME                       "COLOR_NAME"
            ,ITI.T_DISCONTINUED                   "DISCONTINUED"
            ,ITI.T_ITEM_REG_DATE                  "ITEM_REG_DATE"
            ,nvl(TIPS.T_INSTOCK,0)-nvl(TOPS.T_OUTSTOCK,0)   "STOCK"
        from (((((((ID_T_ITEMS ITI inner join ID_T_SUB_CATEGORY ITSC
        on  ITI.T_SUB_CATEGORY_CODE =  ITSC.T_SUB_CATEGORY_CODE ) inner join BRAND B on B.BRAND_CODE=ITI.BRAND_CODE) 
        inner join ID_CATEGORIES C on C.CATEGORY_CODE=ITI.CATEGORY_CODE) 
        inner join ID_T_SUB_SUB_CATEGORY TSSC on TSSC.T_SUB_SUB_CATEGORY_CODE=ITI.T_SUB_SUB_CATEGORY_CODE) 
        left outer join ENERGY_GRADE EG on ITI.ENERGY_GRADE_CODE=EG.ENERGY_GRADE_CODE)
        inner join COLOR COL on COL.COLOR_CODE=ITI.COLOR_CODE)left outer join(select  ITI.T_ITEM_CODE ,nvl(SUM(TIPD.T_STOCK_IN_CNT),0) "T_INSTOCK" from
        ID_T_ITEMS ITI inner join ID_T_INPUT_DATE TIPD on ITI.T_ITEM_CODE=TIPD.T_ITEM_CODE group by ITI.T_ITEM_CODE) TIPS on TIPS.T_ITEM_CODE=ITI.T_ITEM_CODE)
        left outer join (select  ITI.T_ITEM_CODE ,nvl(SUM(TOPD.T_STOCK_OUT_CNT),0) "T_OUTSTOCK" from
        ID_T_ITEMS ITI inner join ID_T_OUTPUT_DATE TOPD on ITI.T_ITEM_CODE=TOPD.T_ITEM_CODE group by ITI.T_ITEM_CODE) TOPS on TOPS.T_ITEM_CODE=ITI.T_ITEM_CODE
     ) 

      	where
      	1=1
		<include refid="itemstaffWhere"/>
		order by ITEM_REG_DATE desc
</select>

<!-- PC 검색 재고관리쪽 개수 뽑는 셀렉트 쿼리 -->
<select id="getSearch_P_List_Cnt" parameterType="com.daybreak.prj.DTO.ERPSearchDTO"  resultType="int">

	select count(*) from (
        select
            IPI.P_ITEM_NO                         "ITEM_NO"
            ,IPI.P_PIC                            "PIC"
            ,C.CATEGORY_NAME                      "CATEGORY_NAME"
            ,IPSC.P_SUB_CATEGORY_NAME             "SUB_CATEGORY_NAME"          
            ,PSSC.P_SUB_SUB_CATEGORY_NAME         "SUB_SUB_CATEGORY_NAME"
            ,IPI.P_ITEM_CODE                      "ITEM_CODE"
            ,IPI.P_ITEM_NAME                      "ITEM_NAME"
            ,IPI.P_BUILD_DAY                      "BUILD_DAY"
            ,B.BRAND_NAME                         "BRAND_NAME"
            ,IPI.BRAND_CODE                       "BRAND_CODE"      
            ,nvl(EG.ENERGY_GRADE_NAME, '-')                 "ENERGY_GRADE_NAME" 
            ,IPI.P_POWER_CONSUM                   "POWER_CONSUM"
            ,IPI.P_ITEM_SIZE_X                    "ITEM_SIZE_X"
            ,IPI.P_ITEM_SIZE_Y                    "ITEM_SIZE_Y"
            ,IPI.P_ITEM_SIZE_Z                    "ITEM_SIZE_Z"
            ,COL.COLOR_NAME                       "COLOR_NAME"
            ,IPI.P_DISCONTINUED                   "DISCONTINUED"
            ,IPI.P_ITEM_REG_DATE                  "ITEM_REG_DATE"
            
            ,nvl(PIPS.P_INSTOCK,0)-nvl(POPS.P_OUTSTOCK,0) "STOCK"
        from (((((((ID_P_ITEMS IPI inner join ID_P_SUB_CATEGORY IPSC
        on  IPI.P_SUB_CATEGORY_CODE =  IPSC.P_SUB_CATEGORY_CODE ) inner join BRAND B on B.BRAND_CODE=IPI.BRAND_CODE) 
        inner join ID_CATEGORIES C on C.CATEGORY_CODE=IPI.CATEGORY_CODE) 
        inner join ID_P_SUB_SUB_CATEGORY PSSC on PSSC.P_SUB_SUB_CATEGORY_CODE=IPI.P_SUB_SUB_CATEGORY_CODE) 
        left outer join ENERGY_GRADE EG on IPI.ENERGY_GRADE_CODE=EG.ENERGY_GRADE_CODE)
        inner join COLOR COL on COL.COLOR_CODE=IPI.COLOR_CODE)left outer join(select  IPI.P_ITEM_CODE ,nvl(SUM(PIPD.P_STOCK_IN_CNT),0) "P_INSTOCK" from
        ID_P_ITEMS IPI inner join ID_P_INPUT_DATE PIPD on IPI.P_ITEM_CODE=PIPD.P_ITEM_CODE group by IPI.P_ITEM_CODE) PIPS on PIPS.P_ITEM_CODE=IPI.P_ITEM_CODE)
        left outer join (select  IPI.P_ITEM_CODE ,nvl(SUM(POPD.P_STOCK_OUT_CNT),0) "P_OUTSTOCK" from
        ID_P_ITEMS IPI inner join ID_P_OUTPUT_DATE POPD on IPI.P_ITEM_CODE=POPD.P_ITEM_CODE group by IPI.P_ITEM_CODE) POPS on POPS.P_ITEM_CODE=IPI.P_ITEM_CODE
     )
      	where
      	1=1
		<include refid="itemstaffWhere"/>
		order by ITEM_REG_DATE desc
    
</select>

<!-- 모바일 검색 재고관리쪽 개수 뽑는 셀렉트 쿼리 -->
<select id="getSearch_M_List_Cnt" parameterType="com.daybreak.prj.DTO.ERPSearchDTO"  resultType="int">

	select count(*) from (
        select
               IMI.M_ITEM_NO                    "ITEM_NO"
               ,IMI.M_PIC                       "PIC"
               ,C.CATEGORY_NAME                 "CATEGORY_NAME"
               ,IMSC.M_SUB_CATEGORY_NAME        "SUB_CATEGORY_NAME"    
               ,MSSC.M_SUB_SUB_CATEGORY_NAME    "SUB_SUB_CATEGORY_NAME"
               ,IMI.M_ITEM_CODE                 "ITEM_CODE"
               ,IMI.M_ITEM_NAME                 "ITEM_NAME"
               ,IMI.M_BUILD_DAY                 "BUILD_DAY"
               ,B.BRAND_NAME                    "BRAND_NAME"
               ,IMI.BRAND_CODE                  "BRAND_CODE"  
               ,nvl(EG.ENERGY_GRADE_NAME, '-')            "ENERGY_GRADE_NAME" 
               ,IMI.M_POWER_CONSUM              "POWER_CONSUM"
               ,IMI.M_ITEM_SIZE_X               "ITEM_SIZE_X"
               ,IMI.M_ITEM_SIZE_Y               "ITEM_SIZE_Y"
               ,IMI.M_ITEM_SIZE_Z               "ITEM_SIZE_Z"
               ,COL.COLOR_NAME                  "COLOR_NAME"
               ,IMI.M_DISCONTINUED              "DISCONTINUED"
               ,IMI.M_ITEM_REG_DATE             "ITEM_REG_DATE"
            
            ,nvl(MIPS.M_INSTOCK,0)-nvl(MOPS.M_OUTSTOCK,0)  "STOCK"
        from (((((((ID_M_ITEMS IMI inner join ID_M_SUB_CATEGORY IMSC
        on  IMI.M_SUB_CATEGORY_CODE =  IMSC.M_SUB_CATEGORY_CODE ) inner join BRAND B on B.BRAND_CODE=IMI.BRAND_CODE) 
        inner join ID_CATEGORIES C on C.CATEGORY_CODE=IMI.CATEGORY_CODE) 
        inner join ID_M_SUB_SUB_CATEGORY MSSC on MSSC.M_SUB_SUB_CATEGORY_CODE=IMI.M_SUB_SUB_CATEGORY_CODE) 
        left outer join ENERGY_GRADE EG on IMI.ENERGY_GRADE_CODE=EG.ENERGY_GRADE_CODE)
        inner join COLOR COL on COL.COLOR_CODE=IMI.COLOR_CODE)left outer join(select  IMI.M_ITEM_CODE ,nvl(SUM(MIPD.M_STOCK_IN_CNT),0) "M_INSTOCK" from
        ID_M_ITEMS IMI inner join ID_M_INPUT_DATE MIPD on IMI.M_ITEM_CODE=MIPD.M_ITEM_CODE group by IMI.M_ITEM_CODE) MIPS on MIPS.M_ITEM_CODE=IMI.M_ITEM_CODE)
        left outer join (select  IMI.M_ITEM_CODE ,nvl(SUM(MOPD.M_STOCK_OUT_CNT),0) "M_OUTSTOCK" from
        ID_M_ITEMS IMI inner join ID_M_OUTPUT_DATE MOPD on IMI.M_ITEM_CODE=MOPD.M_ITEM_CODE group by IMI.M_ITEM_CODE) MOPS on MOPS.M_ITEM_CODE=IMI.M_ITEM_CODE
     )
      	where
      	1=1
		<include refid="itemstaffWhere"/>
		order by ITEM_REG_DATE desc
     
</select>




<!-- 수정 쿼리 -->
<update id="updateItem" parameterType="com.daybreak.prj.DTO.ERPDTO">
		update
		<if test="category_code==1">
			ID_G_ITEMS
			set
             CATEGORY_CODE = #{category_code}
             ,G_SUB_CATEGORY_CODE = #{g_sub_category_code}
             ,G_SUB_SUB_CATEGORY_CODE = #{g_sub_sub_category_code}
             ,G_ITEM_CODE = #{g_item_code}
             ,G_ITEM_NAME = #{g_item_name}
             ,G_BUILD_DAY = #{g_build_day}
             ,ENERGY_GRADE_CODE = #{energy_grade_code}
             ,G_POWER_CONSUM = #{g_power_consum}
             ,COLOR_CODE = #{color_code}
             ,G_ITEM_SIZE_X = ${g_item_size_x}
             ,G_ITEM_SIZE_Y = ${g_item_size_y}
             ,G_ITEM_SIZE_Z = ${g_item_size_z}
             ,G_DISCONTINUED = #{g_discontinued}
         	<if test="g_pic!=null and g_pic.length()>0">
          		,G_PIC = #{g_pic}
          	</if>
		</if>
		<if test="category_code==2">
			ID_T_ITEMS
			set
             CATEGORY_CODE = #{category_code}
             ,T_SUB_CATEGORY_CODE = #{g_sub_category_code}
             ,T_SUB_SUB_CATEGORY_CODE = #{g_sub_sub_category_code}
             ,T_ITEM_CODE = #{g_item_code}
             ,T_ITEM_NAME = #{g_item_name}
             ,T_BUILD_DAY = #{g_build_day}
             ,ENERGY_GRADE_CODE = #{energy_grade_code}
             ,T_POWER_CONSUM = #{g_power_consum}
             ,COLOR_CODE = #{color_code}
             ,T_ITEM_SIZE_X = ${g_item_size_x}
             ,T_ITEM_SIZE_Y = ${g_item_size_y}
             ,T_ITEM_SIZE_Z = ${g_item_size_z}
             ,T_DISCONTINUED = #{g_discontinued}
         	<if test="g_pic!=null and g_pic.length()>0">
          		,T_PIC = #{g_pic}
          	</if>
		</if>
		<if test="category_code==3">
			ID_P_ITEMS
			set
             CATEGORY_CODE = #{category_code}
             ,P_SUB_CATEGORY_CODE = #{g_sub_category_code}
             ,P_SUB_SUB_CATEGORY_CODE = #{g_sub_sub_category_code}
             ,P_ITEM_CODE = #{g_item_code}
             ,P_ITEM_NAME = #{g_item_name}
             ,P_BUILD_DAY = #{g_build_day}
             ,ENERGY_GRADE_CODE = #{energy_grade_code}
             ,P_POWER_CONSUM = #{g_power_consum}
             ,COLOR_CODE = #{color_code}
             ,P_ITEM_SIZE_X = ${g_item_size_x}
             ,P_ITEM_SIZE_Y = ${g_item_size_y}
             ,P_ITEM_SIZE_Z = ${g_item_size_z}
             ,P_DISCONTINUED = #{g_discontinued}
         	<if test="g_pic!=null and g_pic.length()>0">
          		,P_PIC = #{g_pic}
          	</if>
		</if>
		<if test="category_code==4">
			ID_M_ITEMS
			set
             CATEGORY_CODE = #{category_code}
             ,M_SUB_CATEGORY_CODE = #{g_sub_category_code}
             ,M_SUB_SUB_CATEGORY_CODE = #{g_sub_sub_category_code}
             ,M_ITEM_CODE = #{g_item_code}
             ,M_ITEM_NAME = #{g_item_name}
             ,M_BUILD_DAY = #{g_build_day}
             ,ENERGY_GRADE_CODE = #{energy_grade_code}
             ,M_POWER_CONSUM = #{g_power_consum}
             ,COLOR_CODE = #{color_code}
             ,M_ITEM_SIZE_X = ${g_item_size_x}
             ,M_ITEM_SIZE_Y = ${g_item_size_y}
             ,M_ITEM_SIZE_Z = ${g_item_size_z}
             ,M_DISCONTINUED = #{g_discontinued}
         	<if test="g_pic!=null and g_pic.length()>0">
          		,M_PIC = #{g_pic}
          	</if>
		</if>
		where
		1=1
		<if test="category_code==1">
		and
		    G_ITEM_CODE = #{paramV}
		</if>
		<if test="category_code==2">
		and
		    T_ITEM_CODE = #{paramV}
		</if>
		<if test="category_code==3">
		and
		    P_ITEM_CODE = #{paramV}
		</if>
		<if test="category_code==4">
		and
		    M_ITEM_CODE = #{paramV}
		</if>
</update>




<!-- 대 카테고리 값 가져오기 -->
<select id="get_Category_List" resultType="java.util.HashMap">
	select 
	CATEGORY_CODE
	,CATEGORY_NAME 
	from 
	ID_CATEGORIES
</select>


<!-- 가전 종류 카테고리 값 가져오기 -->
<select id="get_Gajeon_Category_List" resultType="java.util.HashMap">
	select 
	G_SUB_CATEGORY_CODE
	,G_SUB_CATEGORY_NAME 
	from 
	ID_G_SUB_CATEGORY
</select>

<select id="get_Season_Gajeon_Category_List" resultType="java.util.HashMap">
	select 
	G_SUB_SUB_CATEGORY_CODE
	,G_SUB_SUB_CATEGORY_NAME 
	from 
	ID_G_SUB_SUB_CATEGORY
	where
	G_SUB_CATEGORY_CODE = 1
	
</select>

<select id="get_kitchen_Gajeon_Category_List" resultType="java.util.HashMap">
	select 
	G_SUB_SUB_CATEGORY_CODE
	,G_SUB_SUB_CATEGORY_NAME 
	from 
	ID_G_SUB_SUB_CATEGORY
	where
	G_SUB_CATEGORY_CODE = 2
</select>

<select id="get_Life_Gajeon_Category_List" resultType="java.util.HashMap">
	select 
	G_SUB_SUB_CATEGORY_CODE
	,G_SUB_SUB_CATEGORY_NAME 
	from 
	ID_G_SUB_SUB_CATEGORY
	where
	G_SUB_CATEGORY_CODE = 3
</select>


<!-- TV 카테고리 값 가져오기 -->
<select id="get_TV_Category_List" resultType="java.util.HashMap">
	select 
	T_SUB_SUB_CATEGORY_CODE
	,T_SUB_SUB_CATEGORY_NAME 
	from 
	ID_T_SUB_SUB_CATEGORY
</select>



<!-- PC 카테고리 값 가져오기 -->
<select id="get_PC_Category_List" resultType="java.util.HashMap">
	select 
	P_SUB_CATEGORY_CODE
	,P_SUB_CATEGORY_NAME 
	from 
	ID_P_SUB_CATEGORY
</select>


<select id="get_Gaming_PC_Category_List" resultType="java.util.HashMap">
	select 
	P_SUB_SUB_CATEGORY_CODE
	,P_SUB_SUB_CATEGORY_NAME 
	from 
	ID_P_SUB_SUB_CATEGORY
	where
	P_SUB_CATEGORY_CODE = 1
</select>

<select id="get_Office_PC_Category_List" resultType="java.util.HashMap">
	select 
	P_SUB_SUB_CATEGORY_CODE
	,P_SUB_SUB_CATEGORY_NAME 
	from 
	ID_P_SUB_SUB_CATEGORY
	where
	P_SUB_CATEGORY_CODE = 2
</select>


<!-- 모바일 카테고리 가져오기 -->
<select id="get_Mobile_Category_List" resultType="java.util.HashMap">
	select 
	M_SUB_CATEGORY_CODE
	,M_SUB_CATEGORY_NAME 
	from 
	ID_M_SUB_CATEGORY
</select>

<select id="get_Phone_Category_List" resultType="java.util.HashMap">
	select 
	M_SUB_SUB_CATEGORY_CODE
	,M_SUB_SUB_CATEGORY_NAME 
	from 
	ID_M_SUB_SUB_CATEGORY
	where
	M_SUB_CATEGORY_CODE =1
</select>


<select id="get_Tablet_Category_List" resultType="java.util.HashMap">
	select 
	M_SUB_SUB_CATEGORY_CODE
	,M_SUB_SUB_CATEGORY_NAME 
	from 
	ID_M_SUB_SUB_CATEGORY
	where
	M_SUB_CATEGORY_CODE =2
</select>





<!-- 여기서부터 복사후 표시한부분까지 넣어주세요 -->
<!-- 여기서부터 복사후 표시한부분까지 넣어주세요 -->
<!-- 여기서부터 복사후 표시한부분까지 넣어주세요 -->

<!-- 에너지 소비 등급 리스트 가져오기 -->
<select id="get_Energy_Grade_List" resultType="java.util.HashMap">
	select 
	ENERGY_GRADE_CODE
	,ENERGY_GRADE_NAME 
	from 
	ENERGY_GRADE
</select>

<!-- 브랜드 리스트 가져오는 쿼리 -->
<select id="get_G_Brand_List" resultType="java.util.HashMap">
	select 
	unique B.BRAND_CODE
	,B.BRAND_NAME 
	from 
	BRAND B inner join ID_G_ITEMS GI on B.BRAND_CODE=GI.BRAND_CODE
	where
	GI.CATEGORY_CODE = 1
    order by  to_number(B.BRAND_CODE) asc
</select>


<!-- 컬러 리스트 가져오는 쿼리 -->
<select id="get_G_Color_List" resultType="java.util.HashMap">
	select 
	unique C.COLOR_CODE
	,C.COLOR_NAME 
	from 
	COLOR C inner join ID_G_ITEMS GI on C.COLOR_CODE=GI.COLOR_CODE
	where
	GI.CATEGORY_CODE = 1
    order by  to_number(C.COLOR_CODE) asc
</select>

<!-- 계절가전 컬러 리스트 가져오는 쿼리 -->
<select id="get_G_Season_Color_List" resultType="java.util.HashMap">
	select 
	unique C.COLOR_CODE
	,C.COLOR_NAME 
	from 
	COLOR C inner join ID_G_ITEMS GI on C.COLOR_CODE=GI.COLOR_CODE
	where 
	GI.CATEGORY_CODE = 1 and GI.G_SUB_CATEGORY_CODE = 1
    order by  to_number(C.COLOR_CODE) asc
</select>

<!-- 계절가전 브랜드 리스트 가져오는 쿼리 -->
<select id="get_G_Season_Brand_List" resultType="java.util.HashMap">
	select 
	unique B.BRAND_CODE
	,B.BRAND_NAME 
	from 
	BRAND B inner join ID_G_ITEMS GI on B.BRAND_CODE=GI.BRAND_CODE
	where
	GI.CATEGORY_CODE = 1 and GI.G_SUB_CATEGORY_CODE = 1
    order by  to_number(B.BRAND_CODE) asc
</select>



<!-- 계절가전(에어컨) 브랜드 리스트 가져오는 쿼리 -->
<select id="get_G_Season_Aircon_Brand_List" resultType="java.util.HashMap">
	select 
	unique B.BRAND_CODE
	,B.BRAND_NAME 
	from 
	BRAND B inner join ID_G_ITEMS GI on B.BRAND_CODE=GI.BRAND_CODE
	where
	GI.CATEGORY_CODE = 1 and GI.G_SUB_CATEGORY_CODE = 1 and  GI.G_SUB_SUB_CATEGORY_CODE = 1
    order by  to_number(B.BRAND_CODE) asc
</select>



<!-- 계절가전(에어컨) 컬러 리스트 가져오는 쿼리 -->
<select id="get_G_Season_Aircon_Color_List" resultType="java.util.HashMap">
	select 
	unique C.COLOR_CODE
	,C.COLOR_NAME 
	from 
	COLOR C inner join ID_G_ITEMS GI on C.COLOR_CODE=GI.COLOR_CODE
	where 
	GI.CATEGORY_CODE = 1 and GI.G_SUB_CATEGORY_CODE = 1 and GI.G_SUB_SUB_CATEGORY_CODE = 1 
    order by  to_number(C.COLOR_CODE) asc
</select>

<!-- 계절가전(공기청정기) 브랜드 리스트 가져오는 쿼리 -->
<select id="get_G_Season_Airfresh_Brand_List" resultType="java.util.HashMap">
	select 
	unique B.BRAND_CODE
	,B.BRAND_NAME 
	from 
	BRAND B inner join ID_G_ITEMS GI on B.BRAND_CODE=GI.BRAND_CODE
	where
	GI.CATEGORY_CODE = 1 and GI.G_SUB_CATEGORY_CODE = 1 and  GI.G_SUB_SUB_CATEGORY_CODE = 2
    order by  to_number(B.BRAND_CODE) asc
</select>



<!-- 계절가전(공기청청기) 컬러 리스트 가져오는 쿼리 -->
<select id="get_G_Season_Airfresh_Color_List" resultType="java.util.HashMap">
	select 
	unique C.COLOR_CODE
	,C.COLOR_NAME 
	from 
	COLOR C inner join ID_G_ITEMS GI on C.COLOR_CODE=GI.COLOR_CODE
	where 
	GI.CATEGORY_CODE = 1 and GI.G_SUB_CATEGORY_CODE = 1 and GI.G_SUB_SUB_CATEGORY_CODE = 2 
    order by  to_number(C.COLOR_CODE) asc
</select>


<!-- 계절가전(난방기기) 브랜드 리스트 가져오는 쿼리 -->
<select id="get_G_Season_Hitter_Brand_List" resultType="java.util.HashMap">
	select 
	unique B.BRAND_CODE
	,B.BRAND_NAME 
	from 
	BRAND B inner join ID_G_ITEMS GI on B.BRAND_CODE=GI.BRAND_CODE
	where
	GI.CATEGORY_CODE = 1 and GI.G_SUB_CATEGORY_CODE = 1 and  GI.G_SUB_SUB_CATEGORY_CODE = 3
    order by  to_number(B.BRAND_CODE) asc
</select>



<!-- 계절가전(난방기기) 컬러 리스트 가져오는 쿼리 -->
<select id="get_G_Season_Hitter_Color_List" resultType="java.util.HashMap">
	select 
	unique C.COLOR_CODE
	,C.COLOR_NAME 
	from 
	COLOR C inner join ID_G_ITEMS GI on C.COLOR_CODE=GI.COLOR_CODE
	where 
	GI.CATEGORY_CODE = 1 and GI.G_SUB_CATEGORY_CODE = 1 and GI.G_SUB_SUB_CATEGORY_CODE = 3 
    order by  to_number(C.COLOR_CODE) asc
</select>



<!-- 계절가전(에어컨,공기청정기) 브랜드 리스트 가져오는 쿼리 -->
<select id="get_G_Season_Aircon_Airfresh_Brand_List" resultType="java.util.HashMap">
	select 
	unique B.BRAND_CODE
	,B.BRAND_NAME 
	from 
	BRAND B inner join ID_G_ITEMS GI on B.BRAND_CODE=GI.BRAND_CODE
	where
	GI.CATEGORY_CODE = 1 and GI.G_SUB_CATEGORY_CODE = 1 and  GI.G_SUB_SUB_CATEGORY_CODE = 1 or G_SUB_SUB_CATEGORY_CODE =2 
    order by  to_number(B.BRAND_CODE) asc
</select>



<!-- 계절가전(에어컨,공기청정기) 컬러 리스트 가져오는 쿼리 -->
<select id="get_G_Season_Aircon_Airfresh_Color_List" resultType="java.util.HashMap">
	select 
	unique C.COLOR_CODE
	,C.COLOR_NAME 
	from 
	COLOR C inner join ID_G_ITEMS GI on C.COLOR_CODE=GI.COLOR_CODE
	where 
	GI.CATEGORY_CODE = 1 and GI.G_SUB_CATEGORY_CODE = 1 and GI.G_SUB_SUB_CATEGORY_CODE = 1 or G_SUB_SUB_CATEGORY_CODE =2 
    order by  to_number(C.COLOR_CODE) asc
</select>


<!-- 계절가전(에어컨,히터) 컬러 리스트 가져오는 쿼리 -->
<select id="get_G_Season_Aircon_Hitter_Color_List" resultType="java.util.HashMap">
	select 
	unique C.COLOR_CODE
	,C.COLOR_NAME 
	from 
	COLOR C inner join ID_G_ITEMS GI on C.COLOR_CODE=GI.COLOR_CODE
	where 
	GI.CATEGORY_CODE = 1 and GI.G_SUB_CATEGORY_CODE = 1 and GI.G_SUB_SUB_CATEGORY_CODE = 1 or G_SUB_SUB_CATEGORY_CODE =3 
    order by  to_number(C.COLOR_CODE) asc
</select>

<!-- 계절가전(에어컨,히터) 브랜드 리스트 가져오는 쿼리 -->
<select id="get_G_Season_Aircon_Hitter_Brand_List" resultType="java.util.HashMap">
	select 
	unique B.BRAND_CODE
	,B.BRAND_NAME 
	from 
	BRAND B inner join ID_G_ITEMS GI on B.BRAND_CODE=GI.BRAND_CODE
	where
	GI.CATEGORY_CODE = 1 and GI.G_SUB_CATEGORY_CODE = 1 and  GI.G_SUB_SUB_CATEGORY_CODE = 1 or G_SUB_SUB_CATEGORY_CODE =3
    order by  to_number(B.BRAND_CODE) asc
</select>

<!-- 계절가전(공기청정기,히터) 컬러 리스트 가져오는 쿼리 -->
<select id="get_G_Season_Airfresh_Hitter_Color_List" resultType="java.util.HashMap">
	select 
	unique C.COLOR_CODE
	,C.COLOR_NAME 
	from 
	COLOR C inner join ID_G_ITEMS GI on C.COLOR_CODE=GI.COLOR_CODE
	where 
	GI.CATEGORY_CODE = 1 and GI.G_SUB_CATEGORY_CODE = 1 and GI.G_SUB_SUB_CATEGORY_CODE = 2 or G_SUB_SUB_CATEGORY_CODE =3 
    order by  to_number(C.COLOR_CODE) asc
</select>

<!-- 계절가전(공기청정기,히터) 브랜드 리스트 가져오는 쿼리 -->
<select id="get_G_Season_Airfresh_Hitter_Brand_List" resultType="java.util.HashMap">
	select 
	unique B.BRAND_CODE
	,B.BRAND_NAME 
	from 
	BRAND B inner join ID_G_ITEMS GI on B.BRAND_CODE=GI.BRAND_CODE
	where
	GI.CATEGORY_CODE = 1 and GI.G_SUB_CATEGORY_CODE = 1 and  GI.G_SUB_SUB_CATEGORY_CODE = 2 or G_SUB_SUB_CATEGORY_CODE =3
    order by  to_number(B.BRAND_CODE) asc
</select>



<!-- 주방가전 브랜드 리스트 가져오는 쿼리 -->
<select id="get_G_Kitchen_Brand_List" resultType="java.util.HashMap">
	select 
	unique B.BRAND_CODE
	,B.BRAND_NAME 
	from 
	BRAND B inner join ID_G_ITEMS GI on B.BRAND_CODE=GI.BRAND_CODE
	where
	GI.CATEGORY_CODE = 1 and GI.G_SUB_CATEGORY_CODE = 2
    order by  to_number(B.BRAND_CODE) asc
</select>


<!-- 주방가전 컬러 리스트 가져오는 쿼리 -->
<select id="get_G_Kitchen_Color_List" resultType="java.util.HashMap">
	select 
	unique C.COLOR_CODE
	,C.COLOR_NAME 
	from 
	COLOR C inner join ID_G_ITEMS GI on C.COLOR_CODE=GI.COLOR_CODE
	where 
	 GI.CATEGORY_CODE = 1 and GI.G_SUB_CATEGORY_CODE = 2
    order by  to_number(C.COLOR_CODE) asc
</select>

<!-- 주방가전(냉장고) 브랜드 리스트 가져오는 쿼리 -->
<select id="get_G_Kitchen_Fridge_Brand_List" resultType="java.util.HashMap">
	select 
	unique B.BRAND_CODE
	,B.BRAND_NAME 
	from 
	BRAND B inner join ID_G_ITEMS GI on B.BRAND_CODE=GI.BRAND_CODE
	where
	GI.CATEGORY_CODE = 1 and GI.G_SUB_CATEGORY_CODE = 2 and  GI.G_SUB_SUB_CATEGORY_CODE = 4
    order by  to_number(B.BRAND_CODE) asc
</select>

<!-- 주방가전(냉장고) 컬러 리스트 가져오는 쿼리 -->
<select id="get_G_Kitchen_Fridge_Color_List" resultType="java.util.HashMap">
	select 
	unique C.COLOR_CODE
	,C.COLOR_NAME 
	from 
	COLOR C inner join ID_G_ITEMS GI on C.COLOR_CODE=GI.COLOR_CODE
	where 
	GI.CATEGORY_CODE = 1 and GI.G_SUB_CATEGORY_CODE = 2 and GI.G_SUB_SUB_CATEGORY_CODE = 4 
    order by  to_number(C.COLOR_CODE) asc
</select>

<!-- 주방가전(밥솥) 컬러 리스트 가져오는 쿼리 -->
<select id="get_G_Kitchen_Cooker_Color_List" resultType="java.util.HashMap">
	select 
	unique C.COLOR_CODE
	,C.COLOR_NAME 
	from 
	COLOR C inner join ID_G_ITEMS GI on C.COLOR_CODE=GI.COLOR_CODE
	where 
	GI.CATEGORY_CODE = 1 and GI.G_SUB_CATEGORY_CODE = 2 and GI.G_SUB_SUB_CATEGORY_CODE = 5
    order by  to_number(C.COLOR_CODE) asc
</select>

<!-- 주방가전(밥솥) 브랜드 리스트 가져오는 쿼리 -->
<select id="get_G_Kitchen_Cooker_Brand_List" resultType="java.util.HashMap">
	select 
	unique B.BRAND_CODE
	,B.BRAND_NAME 
	from 
	BRAND B inner join ID_G_ITEMS GI on B.BRAND_CODE=GI.BRAND_CODE
	where
	GI.CATEGORY_CODE = 1 and GI.G_SUB_CATEGORY_CODE = 2 and  GI.G_SUB_SUB_CATEGORY_CODE = 5
    order by  to_number(B.BRAND_CODE) asc
</select>


<!-- 주방가전(에어프라이어) 컬러 리스트 가져오는 쿼리 -->
<select id="get_G_Kitchen_Airfryer_Color_List" resultType="java.util.HashMap">
	select 
	unique C.COLOR_CODE
	,C.COLOR_NAME 
	from 
	COLOR C inner join ID_G_ITEMS GI on C.COLOR_CODE=GI.COLOR_CODE
	where 
	GI.CATEGORY_CODE = 1 and GI.G_SUB_CATEGORY_CODE = 2 and GI.G_SUB_SUB_CATEGORY_CODE = 6
    order by  to_number(C.COLOR_CODE) asc
</select>

<!-- 주방가전(에어프라이어) 브랜드 리스트 가져오는 쿼리 -->
<select id="get_G_Kitchen_Airfryer_Brand_List" resultType="java.util.HashMap">
	select 
	unique B.BRAND_CODE
	,B.BRAND_NAME 
	from 
	BRAND B inner join ID_G_ITEMS GI on B.BRAND_CODE=GI.BRAND_CODE
	where
	GI.CATEGORY_CODE = 1 and GI.G_SUB_CATEGORY_CODE = 2 and  GI.G_SUB_SUB_CATEGORY_CODE = 6
    order by  to_number(B.BRAND_CODE) asc
</select>


<!-- 주방가전(냉장고 밥솥) 브랜드 리스트 가져오는 쿼리 -->
<select id="get_G_Kitchen_Fridge_Cooker_Brand_List" resultType="java.util.HashMap">
	select 
	unique B.BRAND_CODE
	,B.BRAND_NAME 
	from 
	BRAND B inner join ID_G_ITEMS GI on B.BRAND_CODE=GI.BRAND_CODE
	where
	GI.CATEGORY_CODE = 1 and GI.G_SUB_CATEGORY_CODE = 2 and  GI.G_SUB_SUB_CATEGORY_CODE = 4 or G_SUB_SUB_CATEGORY_CODE =5
    order by  to_number(B.BRAND_CODE) asc
</select>


<!-- 주방가전(냉장고 밥솥) 컬러 리스트 가져오는 쿼리 -->
<select id="get_G_Kitchen_Fridge_Cooker_Color_List" resultType="java.util.HashMap">
	select 
	unique C.COLOR_CODE
	,C.COLOR_NAME 
	from 
	COLOR C inner join ID_G_ITEMS GI on C.COLOR_CODE=GI.COLOR_CODE
	where 
	GI.CATEGORY_CODE = 1 and GI.G_SUB_CATEGORY_CODE = 2 and  GI.G_SUB_SUB_CATEGORY_CODE = 4 or G_SUB_SUB_CATEGORY_CODE =5
    order by  to_number(C.COLOR_CODE) asc
</select>


<!-- 주방가전(냉장고 에어프라이기) 브랜드 리스트 가져오는 쿼리 -->
<select id="get_G_Kitchen_Fridge_Airfryer_Brand_List" resultType="java.util.HashMap">
	select 
	unique B.BRAND_CODE
	,B.BRAND_NAME 
	from 
	BRAND B inner join ID_G_ITEMS GI on B.BRAND_CODE=GI.BRAND_CODE
	where
	GI.CATEGORY_CODE = 1 and GI.G_SUB_CATEGORY_CODE = 2 and  GI.G_SUB_SUB_CATEGORY_CODE = 4 or G_SUB_SUB_CATEGORY_CODE =6
    order by  to_number(B.BRAND_CODE) asc
</select>


<!-- 주방가전(냉장고 에어프라이기) 컬러 리스트 가져오는 쿼리 -->
<select id="get_G_Kitchen_Fridge_Airfryer_Color_List" resultType="java.util.HashMap">
	select 
	unique C.COLOR_CODE
	,C.COLOR_NAME 
	from 
	COLOR C inner join ID_G_ITEMS GI on C.COLOR_CODE=GI.COLOR_CODE
	where 
	GI.CATEGORY_CODE = 1 and GI.G_SUB_CATEGORY_CODE = 2 and  GI.G_SUB_SUB_CATEGORY_CODE = 4 or G_SUB_SUB_CATEGORY_CODE =6
    order by  to_number(C.COLOR_CODE) asc
</select>



<!-- 주방가전(밥솥 에어프라이기) 브랜드 리스트 가져오는 쿼리 -->
<select id="get_G_Kitchen_Cooker_Airfryer_Brand_List" resultType="java.util.HashMap">
	select 
	unique B.BRAND_CODE
	,B.BRAND_NAME 
	from 
	BRAND B inner join ID_G_ITEMS GI on B.BRAND_CODE=GI.BRAND_CODE
	where
	GI.CATEGORY_CODE = 1 and GI.G_SUB_CATEGORY_CODE = 2 and  GI.G_SUB_SUB_CATEGORY_CODE = 5 or G_SUB_SUB_CATEGORY_CODE =6
    order by  to_number(B.BRAND_CODE) asc
</select>


<!-- 주방가전(밥솥 에어프라이기) 컬러 리스트 가져오는 쿼리 -->
<select id="get_G_Kitchen_Cooker_Airfryer_Color_List" resultType="java.util.HashMap">
	select 
	unique C.COLOR_CODE
	,C.COLOR_NAME 
	from 
	COLOR C inner join ID_G_ITEMS GI on C.COLOR_CODE=GI.COLOR_CODE
	where 
	GI.CATEGORY_CODE = 1 and GI.G_SUB_CATEGORY_CODE = 2 and  GI.G_SUB_SUB_CATEGORY_CODE = 5 or G_SUB_SUB_CATEGORY_CODE =6
    order by  to_number(C.COLOR_CODE) asc
</select>






<!-- 생활가전 브랜드 리스트 가져오는 쿼리 -->
<select id="get_G_Life_Brand_List" resultType="java.util.HashMap">
	select 
	unique B.BRAND_CODE
	,B.BRAND_NAME 
	from 
	BRAND B inner join ID_G_ITEMS GI on B.BRAND_CODE=GI.BRAND_CODE
	where
	GI.CATEGORY_CODE = 1 and GI.G_SUB_CATEGORY_CODE = 3
    order by  to_number(B.BRAND_CODE) asc
</select>


<!-- 생활가전 컬러 리스트 가져오는 쿼리 -->
<select id="get_G_Life_Color_List" resultType="java.util.HashMap">
	select 
	unique C.COLOR_CODE
	,C.COLOR_NAME 
	from 
	COLOR C inner join ID_G_ITEMS GI on C.COLOR_CODE=GI.COLOR_CODE
	where 
	GI.CATEGORY_CODE = 1 and GI.G_SUB_CATEGORY_CODE = 3
    order by  to_number(C.COLOR_CODE) asc
</select>


<!-- 생활가전(세탁기) 브랜드 리스트 가져오는 쿼리 -->
<select id="get_G_Life_Washer_Brand_List" resultType="java.util.HashMap">
	select 
	unique B.BRAND_CODE
	,B.BRAND_NAME 
	from 
	BRAND B inner join ID_G_ITEMS GI on B.BRAND_CODE=GI.BRAND_CODE
	where
	GI.CATEGORY_CODE = 1 and GI.G_SUB_CATEGORY_CODE = 3 and GI.G_SUB_SUB_CATEGORY_CODE = 7
    order by  to_number(B.BRAND_CODE) asc
</select>


<!-- 생활가전(세탁기) 컬러 리스트 가져오는 쿼리 -->
<select id="get_G_Life_Washer_Color_List" resultType="java.util.HashMap">
	select 
	unique C.COLOR_CODE
	,C.COLOR_NAME 
	from 
	COLOR C inner join ID_G_ITEMS GI on C.COLOR_CODE=GI.COLOR_CODE
	where 
	GI.CATEGORY_CODE = 1 and GI.G_SUB_CATEGORY_CODE = 3 and GI.G_SUB_SUB_CATEGORY_CODE = 7
    order by  to_number(C.COLOR_CODE) asc
</select>

<!-- 생활가전(건조기) 브랜드 리스트 가져오는 쿼리 -->
<select id="get_G_Life_Dryer_Brand_List" resultType="java.util.HashMap">
	select 
	unique B.BRAND_CODE
	,B.BRAND_NAME 
	from 
	BRAND B inner join ID_G_ITEMS GI on B.BRAND_CODE=GI.BRAND_CODE
	where
	GI.CATEGORY_CODE = 1 and GI.G_SUB_CATEGORY_CODE = 3 and GI.G_SUB_SUB_CATEGORY_CODE = 8
    order by  to_number(B.BRAND_CODE) asc
</select>


<!-- 생활가전(건조기) 컬러 리스트 가져오는 쿼리 -->
<select id="get_G_Life_Dryer_Color_List" resultType="java.util.HashMap">
	select 
	unique C.COLOR_CODE
	,C.COLOR_NAME 
	from 
	COLOR C inner join ID_G_ITEMS GI on C.COLOR_CODE=GI.COLOR_CODE
	where 
	GI.CATEGORY_CODE = 1 and GI.G_SUB_CATEGORY_CODE = 3 and GI.G_SUB_SUB_CATEGORY_CODE = 8
    order by  to_number(C.COLOR_CODE) asc
</select>

<!-- 생활가전(청소기) 브랜드 리스트 가져오는 쿼리 -->
<select id="get_G_Life_Cleaner_Brand_List" resultType="java.util.HashMap">
	select 
	unique B.BRAND_CODE
	,B.BRAND_NAME 
	from 
	BRAND B inner join ID_G_ITEMS GI on B.BRAND_CODE=GI.BRAND_CODE
	where
	GI.CATEGORY_CODE = 1 and GI.G_SUB_CATEGORY_CODE = 3 and GI.G_SUB_SUB_CATEGORY_CODE = 9
    order by  to_number(B.BRAND_CODE) asc
</select>


<!-- 생활가전(청소기) 컬러 리스트 가져오는 쿼리 -->
<select id="get_G_Life_Cleaner_Color_List" resultType="java.util.HashMap">
	select 
	unique C.COLOR_CODE
	,C.COLOR_NAME 
	from 
	COLOR C inner join ID_G_ITEMS GI on C.COLOR_CODE=GI.COLOR_CODE
	where 
	GI.CATEGORY_CODE = 1 and GI.G_SUB_CATEGORY_CODE = 3 and GI.G_SUB_SUB_CATEGORY_CODE = 9
    order by  to_number(C.COLOR_CODE) asc
</select>


<!-- 생활가전(세탁기 건조기) 브랜드 리스트 가져오는 쿼리 -->
<select id="get_G_Life_Washer_Dryer_Brand_List" resultType="java.util.HashMap">
	select 
	unique B.BRAND_CODE
	,B.BRAND_NAME 
	from 
	BRAND B inner join ID_G_ITEMS GI on B.BRAND_CODE=GI.BRAND_CODE
	where
	GI.CATEGORY_CODE = 1 and GI.G_SUB_CATEGORY_CODE = 3 and GI.G_SUB_SUB_CATEGORY_CODE = 7 or GI.G_SUB_SUB_CATEGORY_CODE = 8
    order by  to_number(B.BRAND_CODE) asc
</select>


<!-- 생활가전(세탁기 건조기) 컬러 리스트 가져오는 쿼리 -->
<select id="get_G_Life_Washer_Dryer_Color_List" resultType="java.util.HashMap">
	select 
	unique C.COLOR_CODE
	,C.COLOR_NAME 
	from 
	COLOR C inner join ID_G_ITEMS GI on C.COLOR_CODE=GI.COLOR_CODE
	where 
	GI.CATEGORY_CODE = 1 and GI.G_SUB_CATEGORY_CODE = 3 and GI.G_SUB_SUB_CATEGORY_CODE = 7 or GI.G_SUB_SUB_CATEGORY_CODE = 8
    order by  to_number(C.COLOR_CODE) asc
</select>

<!-- 생활가전(세탁기 청소기) 브랜드 리스트 가져오는 쿼리 -->
<select id="get_G_Life_Washer_Cleaner_Brand_List" resultType="java.util.HashMap">
	select 
	unique B.BRAND_CODE
	,B.BRAND_NAME 
	from 
	BRAND B inner join ID_G_ITEMS GI on B.BRAND_CODE=GI.BRAND_CODE
	where
	GI.CATEGORY_CODE = 1 and GI.G_SUB_CATEGORY_CODE = 3 and GI.G_SUB_SUB_CATEGORY_CODE = 7 or GI.G_SUB_SUB_CATEGORY_CODE = 9
    order by  to_number(B.BRAND_CODE) asc
</select>


<!-- 생활가전(세탁기 청소기) 컬러 리스트 가져오는 쿼리 -->
<select id="get_G_Life_Washer_Cleaner_Color_List" resultType="java.util.HashMap">
	select 
	unique C.COLOR_CODE
	,C.COLOR_NAME 
	from 
	COLOR C inner join ID_G_ITEMS GI on C.COLOR_CODE=GI.COLOR_CODE
	where 
	GI.CATEGORY_CODE = 1 and GI.G_SUB_CATEGORY_CODE = 3 and GI.G_SUB_SUB_CATEGORY_CODE = 7 or GI.G_SUB_SUB_CATEGORY_CODE = 9
    order by  to_number(C.COLOR_CODE) asc
</select>


<!-- 생활가전(건조기 청소기) 브랜드 리스트 가져오는 쿼리 -->
<select id="get_G_Life_Dryer_Cleaner_Brand_List" resultType="java.util.HashMap">
	select 
	unique B.BRAND_CODE
	,B.BRAND_NAME 
	from 
	BRAND B inner join ID_G_ITEMS GI on B.BRAND_CODE=GI.BRAND_CODE
	where
	GI.CATEGORY_CODE = 1 and GI.G_SUB_CATEGORY_CODE = 3 and GI.G_SUB_SUB_CATEGORY_CODE = 8 or GI.G_SUB_SUB_CATEGORY_CODE = 9
    order by  to_number(B.BRAND_CODE) asc
</select>


<!-- 생활가전(건조기 청소기) 컬러 리스트 가져오는 쿼리 -->
<select id="get_G_Life_Dryer_Cleaner_Color_List" resultType="java.util.HashMap">
	select 
	unique C.COLOR_CODE
	,C.COLOR_NAME 
	from 
	COLOR C inner join ID_G_ITEMS GI on C.COLOR_CODE=GI.COLOR_CODE
	where 
	GI.CATEGORY_CODE = 1 and GI.G_SUB_CATEGORY_CODE = 3 and GI.G_SUB_SUB_CATEGORY_CODE = 8 or GI.G_SUB_SUB_CATEGORY_CODE = 9
    order by  to_number(C.COLOR_CODE) asc
</select>








<!-- TV 브랜드 리스트 가져오는 쿼리 -->
<select id="get_T_Brand_List" resultType="java.util.HashMap">
	select 
	unique B.BRAND_CODE
	,B.BRAND_NAME 
	from 
	BRAND B inner join ID_T_ITEMS TI on B.BRAND_CODE=TI.BRAND_CODE
	where
	TI.CATEGORY_CODE = 2 and TI.T_SUB_CATEGORY_CODE = 1
    order by  to_number(B.BRAND_CODE) asc
</select>


<!-- TV 컬러 리스트 가져오는 쿼리 -->
<select id="get_T_Color_List" resultType="java.util.HashMap">
	select 
	unique C.COLOR_CODE
	,C.COLOR_NAME 
	from 
	COLOR C inner join ID_T_ITEMS TI on C.COLOR_CODE=TI.COLOR_CODE
	where 
	TI.CATEGORY_CODE = 2 and TI.T_SUB_CATEGORY_CODE = 1
    order by  to_number(C.COLOR_CODE) asc
</select>

<!-- QLEDTV 컬러 리스트 가져오는 쿼리 -->
<select id="get_T_QLED_Color_List" resultType="java.util.HashMap">
	select 
	unique C.COLOR_CODE
	,C.COLOR_NAME 
	from 
	COLOR C inner join ID_T_ITEMS TI on C.COLOR_CODE=TI.COLOR_CODE
	where TI.CATEGORY_CODE = 2 and TI.T_SUB_CATEGORY_CODE = 1 and TI.T_SUB_SUB_CATEGORY_CODE = 1
    order by  to_number(C.COLOR_CODE) asc
</select>


<!-- QLEDTV 브랜드 리스트 가져오는 쿼리 -->
<select id="get_T_QLED_Brand_List" resultType="java.util.HashMap">
	select 
	unique B.BRAND_CODE
	,B.BRAND_NAME 
	from 
	BRAND B inner join ID_T_ITEMS TI on B.BRAND_CODE=TI.BRAND_CODE
	where
	TI.CATEGORY_CODE = 2 and TI.T_SUB_CATEGORY_CODE = 1 and TI.T_SUB_SUB_CATEGORY_CODE = 1
    order by  to_number(B.BRAND_CODE) asc
</select>

<!-- MINILEDTV 컬러 리스트 가져오는 쿼리 -->
<select id="get_T_MINILED_Color_List" resultType="java.util.HashMap">
	select 
	unique C.COLOR_CODE
	,C.COLOR_NAME 
	from 
	COLOR C inner join ID_T_ITEMS TI on C.COLOR_CODE=TI.COLOR_CODE
	where 
	TI.CATEGORY_CODE = 2 and TI.T_SUB_CATEGORY_CODE = 1 and  TI.T_SUB_SUB_CATEGORY_CODE = 2
    order by  to_number(C.COLOR_CODE) asc
</select>


<!-- MINILEDTV 브랜드 리스트 가져오는 쿼리 -->
<select id="get_T_MINILED_Brand_List" resultType="java.util.HashMap">
	select 
	unique B.BRAND_CODE
	,B.BRAND_NAME 
	from 
	BRAND B inner join ID_T_ITEMS TI on B.BRAND_CODE=TI.BRAND_CODE
	where
	TI.CATEGORY_CODE = 2 and TI.T_SUB_CATEGORY_CODE = 1 and TI.T_SUB_SUB_CATEGORY_CODE = 2
    order by  to_number(B.BRAND_CODE) asc
</select>

<!-- OLEDTV 컬러 리스트 가져오는 쿼리 -->
<select id="get_T_OLED_Color_List" resultType="java.util.HashMap">
	select 
	unique C.COLOR_CODE
	,C.COLOR_NAME 
	from 
	COLOR C inner join ID_T_ITEMS TI on C.COLOR_CODE=TI.COLOR_CODE
	where 
	TI.CATEGORY_CODE = 2 and TI.T_SUB_CATEGORY_CODE = 1 and TI.T_SUB_SUB_CATEGORY_CODE = 3
    order by  to_number(C.COLOR_CODE) asc
</select>


<!-- OLEDTV 브랜드 리스트 가져오는 쿼리 -->
<select id="get_T_OLED_Brand_List" resultType="java.util.HashMap">
	select 
	unique B.BRAND_CODE
	,B.BRAND_NAME 
	from 
	BRAND B inner join ID_T_ITEMS TI on B.BRAND_CODE=TI.BRAND_CODE
	where
	TI.CATEGORY_CODE = 2 and TI.T_SUB_CATEGORY_CODE = 1 and TI.T_SUB_SUB_CATEGORY_CODE = 3
    order by  to_number(B.BRAND_CODE) asc
</select>


<!-- PC 브랜드 리스트 가져오는 쿼리 -->
<select id="get_P_Brand_List" resultType="java.util.HashMap">
	select 
	unique B.BRAND_CODE
	,B.BRAND_NAME 
	from 
	BRAND B inner join ID_P_ITEMS PI on B.BRAND_CODE=PI.BRAND_CODE
	where
	PI.CATEGORY_CODE = 3
    order by  to_number(B.BRAND_CODE) asc
</select>


<!-- PC 컬러 리스트 가져오는 쿼리 -->
<select id="get_P_Color_List" resultType="java.util.HashMap">
	select 
	unique C.COLOR_CODE
	,C.COLOR_NAME 
	from 
	COLOR C inner join ID_P_ITEMS PI on C.COLOR_CODE=PI.COLOR_CODE
	where
	PI.CATEGORY_CODE = 3
    order by  to_number(C.COLOR_CODE) asc
</select>

<!-- PC(데스크탑) 브랜드 리스트 가져오는 쿼리 -->
<select id="get_P_Desktop_Brand_List" resultType="java.util.HashMap">
	select 
	unique B.BRAND_CODE
	,B.BRAND_NAME 
	from 
	BRAND B inner join ID_P_ITEMS PI on B.BRAND_CODE=PI.BRAND_CODE
	where
	PI.CATEGORY_CODE = 3 and PI.P_SUB_CATEGORY_CODE = 1 
    order by  to_number(B.BRAND_CODE) asc
</select>


<!-- PC(데스크탑) 컬러 리스트 가져오는 쿼리 -->
<select id="get_P_Desktop_Color_List" resultType="java.util.HashMap">
	select 
	unique C.COLOR_CODE
	,C.COLOR_NAME 
	from 
	COLOR C inner join ID_P_ITEMS PI on C.COLOR_CODE=PI.COLOR_CODE
	where
	PI.CATEGORY_CODE = 3 and PI.P_SUB_CATEGORY_CODE = 1
    order by  to_number(C.COLOR_CODE) asc
</select>

<!-- PC(노트북) 브랜드 리스트 가져오는 쿼리 -->
<select id="get_P_Notebook_Brand_List" resultType="java.util.HashMap">
	select 
	unique B.BRAND_CODE
	,B.BRAND_NAME 
	from 
	BRAND B inner join ID_P_ITEMS PI on B.BRAND_CODE=PI.BRAND_CODE
	where
	PI.CATEGORY_CODE = 3 and PI.P_SUB_CATEGORY_CODE = 2
    order by  to_number(B.BRAND_CODE) asc
</select>


<!-- PC(노트북) 컬러 리스트 가져오는 쿼리 -->
<select id="get_P_Notebook_Color_List" resultType="java.util.HashMap">
	select 
	unique C.COLOR_CODE
	,C.COLOR_NAME 
	from 
	COLOR C inner join ID_P_ITEMS PI on C.COLOR_CODE=PI.COLOR_CODE
	where
	PI.CATEGORY_CODE = 3 and PI.P_SUB_CATEGORY_CODE = 2
    order by  to_number(C.COLOR_CODE) asc
</select>


<!-- PC(사무용/인강 PC) 브랜드 리스트 가져오는 쿼리 -->
<select id="get_P_Desktop_Office_Brand_List" resultType="java.util.HashMap">
	select 
	unique B.BRAND_CODE
	,B.BRAND_NAME 
	from 
	BRAND B inner join ID_P_ITEMS PI on B.BRAND_CODE=PI.BRAND_CODE
	where
	PI.CATEGORY_CODE = 3 and PI.P_SUB_CATEGORY_CODE = 1 and PI.P_SUB_SUB_CATEGORY_CODE = 1
    order by  to_number(B.BRAND_CODE) asc
</select>


<!-- PC(사무용/인강 PC) 컬러 리스트 가져오는 쿼리 -->
<select id="get_P_Desktop_Office_Color_List" resultType="java.util.HashMap">
	select 
	unique C.COLOR_CODE
	,C.COLOR_NAME 
	from 
	COLOR C inner join ID_P_ITEMS PI on C.COLOR_CODE=PI.COLOR_CODE
	where
	PI.CATEGORY_CODE = 3 and PI.P_SUB_CATEGORY_CODE = 1 and PI.P_SUB_SUB_CATEGORY_CODE = 1
    order by  to_number(C.COLOR_CODE) asc
</select>


<!-- PC(게이밍PC) 브랜드 리스트 가져오는 쿼리 -->
<select id="get_P_Desktop_Gaming_Brand_List" resultType="java.util.HashMap">
	select 
	unique B.BRAND_CODE
	,B.BRAND_NAME 
	from 
	BRAND B inner join ID_P_ITEMS PI on B.BRAND_CODE=PI.BRAND_CODE
	where
	PI.CATEGORY_CODE = 3 and PI.P_SUB_CATEGORY_CODE = 1 and PI.P_SUB_SUB_CATEGORY_CODE = 2
    order by  to_number(B.BRAND_CODE) asc
</select>


<!-- PC(게이밍PC) 컬러 리스트 가져오는 쿼리 -->
<select id="get_P_Desktop_Gaming_Color_List" resultType="java.util.HashMap">
	select 
	unique C.COLOR_CODE
	,C.COLOR_NAME 
	from 
	COLOR C inner join ID_P_ITEMS PI on C.COLOR_CODE=PI.COLOR_CODE
	where
	PI.CATEGORY_CODE = 3 and PI.P_SUB_CATEGORY_CODE = 1 and PI.P_SUB_SUB_CATEGORY_CODE = 2
    order by  to_number(C.COLOR_CODE) asc
</select>

<!-- PC(비지니스 노트북) 브랜드 리스트 가져오는 쿼리 -->
<select id="get_P_Notebook_Business_Brand_List" resultType="java.util.HashMap">
	select 
	unique B.BRAND_CODE
	,B.BRAND_NAME 
	from 
	BRAND B inner join ID_P_ITEMS PI on B.BRAND_CODE=PI.BRAND_CODE
	where
	PI.CATEGORY_CODE = 3 and PI.P_SUB_CATEGORY_CODE = 2 and PI.P_SUB_SUB_CATEGORY_CODE = 3
    order by  to_number(B.BRAND_CODE) asc
</select>


<!-- PC(비지니스 노트북) 컬러 리스트 가져오는 쿼리 -->
<select id="get_P_Notebook_Business_Color_List" resultType="java.util.HashMap">
	select 
	unique C.COLOR_CODE
	,C.COLOR_NAME 
	from 
	COLOR C inner join ID_P_ITEMS PI on C.COLOR_CODE=PI.COLOR_CODE
	where
	PI.CATEGORY_CODE = 3 and PI.P_SUB_CATEGORY_CODE = 2 and PI.P_SUB_SUB_CATEGORY_CODE = 3
    order by  to_number(C.COLOR_CODE) asc
</select>

<!-- PC(게이밍 노트북) 브랜드 리스트 가져오는 쿼리 -->
<select id="get_P_Notebook_Gaming_Brand_List" resultType="java.util.HashMap">
	select 
	unique B.BRAND_CODE
	,B.BRAND_NAME 
	from 
	BRAND B inner join ID_P_ITEMS PI on B.BRAND_CODE=PI.BRAND_CODE
	where
	PI.CATEGORY_CODE = 3 and PI.P_SUB_CATEGORY_CODE = 2 and PI.P_SUB_SUB_CATEGORY_CODE = 4
    order by  to_number(B.BRAND_CODE) asc
</select>


<!-- PC(게이밍 노트북) 컬러 리스트 가져오는 쿼리 -->
<select id="get_P_Notebook_Gaming_Color_List" resultType="java.util.HashMap">
	select 
	unique C.COLOR_CODE
	,C.COLOR_NAME 
	from 
	COLOR C inner join ID_P_ITEMS PI on C.COLOR_CODE=PI.COLOR_CODE
	where
	PI.CATEGORY_CODE = 3 and PI.P_SUB_CATEGORY_CODE = 2 and PI.P_SUB_SUB_CATEGORY_CODE = 4
    order by  to_number(C.COLOR_CODE) asc
</select>


<!-- 모바일 브랜드 리스트 가져오는 쿼리 -->
<select id="get_M_Brand_List" resultType="java.util.HashMap">
	select 
	unique B.BRAND_CODE
	,B.BRAND_NAME 
	from 
	BRAND B inner join ID_M_ITEMS MI on B.BRAND_CODE=MI.BRAND_CODE
	where
	MI.CATEGORY_CODE = 4
    order by  to_number(B.BRAND_CODE) asc
</select>


<!-- 모바일 컬러 리스트 가져오는 쿼리 -->
<select id="get_M_Color_List" resultType="java.util.HashMap">
	select 
	unique C.COLOR_CODE
	,C.COLOR_NAME 
	from 
	COLOR C inner join ID_M_ITEMS MI on C.COLOR_CODE=MI.COLOR_CODE
	where
	MI.CATEGORY_CODE = 4
    order by  to_number(C.COLOR_CODE) asc
</select>


<!-- 모바일 (휴대폰) 브랜드 리스트 가져오는 쿼리 -->
<select id="get_M_Phone_Brand_List" resultType="java.util.HashMap">
	select 
	unique B.BRAND_CODE
	,B.BRAND_NAME 
	from 
	BRAND B inner join ID_M_ITEMS MI on B.BRAND_CODE=MI.BRAND_CODE
	where
	MI.CATEGORY_CODE = 4 and MI.M_SUB_CATEGORY_CODE = 1
    order by  to_number(B.BRAND_CODE) asc
</select>


<!-- 모바일(휴대폰) 컬러 리스트 가져오는 쿼리 -->
<select id="get_M_Phone_Color_List" resultType="java.util.HashMap">
	select 
	unique C.COLOR_CODE
	,C.COLOR_NAME 
	from 
	COLOR C inner join ID_M_ITEMS MI on C.COLOR_CODE=MI.COLOR_CODE
	where
	MI.CATEGORY_CODE = 4 and MI.M_SUB_CATEGORY_CODE = 1
    order by  to_number(C.COLOR_CODE) asc
</select>


<!-- 모바일 (태블렛) 브랜드 리스트 가져오는 쿼리 -->
<select id="get_M_Tablet_Brand_List" resultType="java.util.HashMap">
	select 
	unique B.BRAND_CODE
	,B.BRAND_NAME 
	from 
	BRAND B inner join ID_M_ITEMS MI on B.BRAND_CODE=MI.BRAND_CODE
	where
	MI.CATEGORY_CODE = 4 and MI.M_SUB_CATEGORY_CODE = 2
    order by  to_number(B.BRAND_CODE) asc
</select>


<!-- 모바일(태블렛) 컬러 리스트 가져오는 쿼리 -->
<select id="get_M_Tablet_Color_List" resultType="java.util.HashMap">
	select 
	unique C.COLOR_CODE
	,C.COLOR_NAME 
	from 
	COLOR C inner join ID_M_ITEMS MI on C.COLOR_CODE=MI.COLOR_CODE
	where
	MI.CATEGORY_CODE = 4 and MI.M_SUB_CATEGORY_CODE = 2
    order by  to_number(C.COLOR_CODE) asc
</select>


<!-- 모바일 (휴대폰 삼성) 브랜드 리스트 가져오는 쿼리 -->
<select id="get_M_Phone_Samsung_Brand_List" resultType="java.util.HashMap">
	select 
	unique B.BRAND_CODE
	,B.BRAND_NAME 
	from 
	BRAND B inner join ID_M_ITEMS MI on B.BRAND_CODE=MI.BRAND_CODE
	where
	MI.CATEGORY_CODE = 4 and MI.M_SUB_CATEGORY_CODE = 1 and MI.M_SUB_SUB_CATEGORY_CODE = 1
    order by  to_number(B.BRAND_CODE) asc
</select>


<!-- 모바일(휴대폰 삼성) 컬러 리스트 가져오는 쿼리 -->
<select id="get_M_Phone_Samsung_Color_List" resultType="java.util.HashMap">
	select 
	unique C.COLOR_CODE
	,C.COLOR_NAME 
	from 
	COLOR C inner join ID_M_ITEMS MI on C.COLOR_CODE=MI.COLOR_CODE
	where
	MI.CATEGORY_CODE = 4 and MI.M_SUB_CATEGORY_CODE = 1 and MI.M_SUB_SUB_CATEGORY_CODE = 1
    order by  to_number(C.COLOR_CODE) asc
</select>

<!-- 모바일 (휴대폰 애플) 브랜드 리스트 가져오는 쿼리 -->
<select id="get_M_Phone_Apple_Brand_List" resultType="java.util.HashMap">
	select 
	unique B.BRAND_CODE
	,B.BRAND_NAME 
	from 
	BRAND B inner join ID_M_ITEMS MI on B.BRAND_CODE=MI.BRAND_CODE
	where
	MI.CATEGORY_CODE = 4 and MI.M_SUB_CATEGORY_CODE = 1 and MI.M_SUB_SUB_CATEGORY_CODE = 2
    order by  to_number(B.BRAND_CODE) asc
</select>


<!-- 모바일(휴대폰 애플) 컬러 리스트 가져오는 쿼리 -->
<select id="get_M_Phone_Apple_Color_List" resultType="java.util.HashMap">
	select 
	unique C.COLOR_CODE
	,C.COLOR_NAME 
	from 
	COLOR C inner join ID_M_ITEMS MI on C.COLOR_CODE=MI.COLOR_CODE
	where
	MI.CATEGORY_CODE = 4 and MI.M_SUB_CATEGORY_CODE = 1 and MI.M_SUB_SUB_CATEGORY_CODE = 2
    order by  to_number(C.COLOR_CODE) asc
</select>

<!-- 모바일 (휴대폰 기타) 브랜드 리스트 가져오는 쿼리 -->
<select id="get_M_Phone_Other_Brand_List" resultType="java.util.HashMap">
	select 
	unique B.BRAND_CODE
	,B.BRAND_NAME 
	from 
	BRAND B inner join ID_M_ITEMS MI on B.BRAND_CODE=MI.BRAND_CODE
	where
	MI.CATEGORY_CODE = 4 and MI.M_SUB_CATEGORY_CODE = 1 and MI.M_SUB_SUB_CATEGORY_CODE = 3
    order by  to_number(B.BRAND_CODE) asc
</select>


<!-- 모바일(휴대폰 기타) 컬러 리스트 가져오는 쿼리 -->
<select id="get_M_Phone_Other_Color_List" resultType="java.util.HashMap">
	select 
	unique C.COLOR_CODE
	,C.COLOR_NAME 
	from 
	COLOR C inner join ID_M_ITEMS MI on C.COLOR_CODE=MI.COLOR_CODE
	where
	MI.CATEGORY_CODE = 4 and MI.M_SUB_CATEGORY_CODE = 1 and MI.M_SUB_SUB_CATEGORY_CODE = 3
    order by  to_number(C.COLOR_CODE) asc
</select>

<!-- 모바일 (휴대폰 삼성 애플) 브랜드 리스트 가져오는 쿼리 -->
<select id="get_M_Phone_Samsung_Apple_Brand_List" resultType="java.util.HashMap">
	select 
	unique B.BRAND_CODE
	,B.BRAND_NAME 
	from 
	BRAND B inner join ID_M_ITEMS MI on B.BRAND_CODE=MI.BRAND_CODE
	where
	MI.CATEGORY_CODE = 4 and MI.M_SUB_CATEGORY_CODE = 1 and MI.M_SUB_SUB_CATEGORY_CODE = 1 or MI.M_SUB_SUB_CATEGORY_CODE = 2
    order by  to_number(B.BRAND_CODE) asc
</select>


<!-- 모바일(휴대폰 삼성 애플) 컬러 리스트 가져오는 쿼리 -->
<select id="get_M_Phone_Samsung_Apple_Color_List" resultType="java.util.HashMap">
	select 
	unique C.COLOR_CODE
	,C.COLOR_NAME 
	from 
	COLOR C inner join ID_M_ITEMS MI on C.COLOR_CODE=MI.COLOR_CODE
	where
	MI.CATEGORY_CODE = 4 and MI.M_SUB_CATEGORY_CODE = 1 and MI.M_SUB_SUB_CATEGORY_CODE = 1 or MI.M_SUB_SUB_CATEGORY_CODE = 2
    order by  to_number(C.COLOR_CODE) asc
</select>

<!-- 모바일 (휴대폰 삼성 기타) 브랜드 리스트 가져오는 쿼리 -->
<select id="get_M_Phone_Samsung_Other_Brand_List" resultType="java.util.HashMap">
	select 
	unique B.BRAND_CODE
	,B.BRAND_NAME 
	from 
	BRAND B inner join ID_M_ITEMS MI on B.BRAND_CODE=MI.BRAND_CODE
	where
	MI.CATEGORY_CODE = 4 and MI.M_SUB_CATEGORY_CODE = 1 and MI.M_SUB_SUB_CATEGORY_CODE = 1 or MI.M_SUB_SUB_CATEGORY_CODE = 3
    order by  to_number(B.BRAND_CODE) asc
</select>


<!-- 모바일(휴대폰 삼성 기타) 컬러 리스트 가져오는 쿼리 -->
<select id="get_M_Phone_Samsung_Other_Color_List" resultType="java.util.HashMap">
	select 
	unique C.COLOR_CODE
	,C.COLOR_NAME 
	from 
	COLOR C inner join ID_M_ITEMS MI on C.COLOR_CODE=MI.COLOR_CODE
	where
	MI.CATEGORY_CODE = 4 and MI.M_SUB_CATEGORY_CODE = 1 and MI.M_SUB_SUB_CATEGORY_CODE = 1 or MI.M_SUB_SUB_CATEGORY_CODE = 3
    order by  to_number(C.COLOR_CODE) asc
</select>

<!-- 모바일 (휴대폰 애플 기타) 브랜드 리스트 가져오는 쿼리 -->
<select id="get_M_Phone_Apple_Other_Brand_List" resultType="java.util.HashMap">
	select 
	unique B.BRAND_CODE
	,B.BRAND_NAME 
	from 
	BRAND B inner join ID_M_ITEMS MI on B.BRAND_CODE=MI.BRAND_CODE
	where
	MI.CATEGORY_CODE = 4 and MI.M_SUB_CATEGORY_CODE = 1 and MI.M_SUB_SUB_CATEGORY_CODE = 2 or MI.M_SUB_SUB_CATEGORY_CODE = 3
    order by  to_number(B.BRAND_CODE) asc
</select>


<!-- 모바일(휴대폰 애플 기타) 컬러 리스트 가져오는 쿼리 -->
<select id="get_M_Phone_Apple_Other_Color_List" resultType="java.util.HashMap">
	select 
	unique C.COLOR_CODE
	,C.COLOR_NAME 
	from 
	COLOR C inner join ID_M_ITEMS MI on C.COLOR_CODE=MI.COLOR_CODE
	where
	MI.CATEGORY_CODE = 4 and MI.M_SUB_CATEGORY_CODE = 1 and MI.M_SUB_SUB_CATEGORY_CODE = 2 or MI.M_SUB_SUB_CATEGORY_CODE = 3
    order by  to_number(C.COLOR_CODE) asc
</select>

<!-- 모바일 (태블렛 안드로이드) 브랜드 리스트 가져오는 쿼리 -->
<select id="get_M_Tablet_Android_Brand_List" resultType="java.util.HashMap">
	select 
	unique B.BRAND_CODE
	,B.BRAND_NAME 
	from 
	BRAND B inner join ID_M_ITEMS MI on B.BRAND_CODE=MI.BRAND_CODE
	where
	MI.CATEGORY_CODE = 4 and MI.M_SUB_CATEGORY_CODE = 2 and MI.M_SUB_SUB_CATEGORY_CODE = 4
    order by  to_number(B.BRAND_CODE) asc
</select>


<!-- 모바일(태블렛 안드로이드) 컬러 리스트 가져오는 쿼리 -->
<select id="get_M_Tablet_Android_Color_List" resultType="java.util.HashMap">
	select 
	unique C.COLOR_CODE
	,C.COLOR_NAME 
	from 
	COLOR C inner join ID_M_ITEMS MI on C.COLOR_CODE=MI.COLOR_CODE
	where
	MI.CATEGORY_CODE = 4 and MI.M_SUB_CATEGORY_CODE = 2 and MI.M_SUB_SUB_CATEGORY_CODE = 4
    order by  to_number(C.COLOR_CODE) asc
</select>

<!-- 모바일 (태블렛 윈도우) 브랜드 리스트 가져오는 쿼리 -->
<select id="get_M_Tablet_Windows_Brand_List" resultType="java.util.HashMap">
	select 
	unique B.BRAND_CODE
	,B.BRAND_NAME 
	from 
	BRAND B inner join ID_M_ITEMS MI on B.BRAND_CODE=MI.BRAND_CODE
	where
	MI.CATEGORY_CODE = 4 and MI.M_SUB_CATEGORY_CODE = 2 and MI.M_SUB_SUB_CATEGORY_CODE = 5
    order by  to_number(B.BRAND_CODE) asc
</select>


<!-- 모바일(태블렛 윈도우) 컬러 리스트 가져오는 쿼리 -->
<select id="get_M_Tablet_Windows_Color_List" resultType="java.util.HashMap">
	select 
	unique C.COLOR_CODE
	,C.COLOR_NAME 
	from 
	COLOR C inner join ID_M_ITEMS MI on C.COLOR_CODE=MI.COLOR_CODE
	where
	MI.CATEGORY_CODE = 4 and MI.M_SUB_CATEGORY_CODE = 2 and MI.M_SUB_SUB_CATEGORY_CODE = 5
    order by  to_number(C.COLOR_CODE) asc
</select>

<!-- 모바일 (태블렛 아이패드) 브랜드 리스트 가져오는 쿼리 -->
<select id="get_M_Tablet_Ipad_Brand_List" resultType="java.util.HashMap">
	select 
	unique B.BRAND_CODE
	,B.BRAND_NAME 
	from 
	BRAND B inner join ID_M_ITEMS MI on B.BRAND_CODE=MI.BRAND_CODE
	where
	MI.CATEGORY_CODE = 4 and MI.M_SUB_CATEGORY_CODE = 2 and MI.M_SUB_SUB_CATEGORY_CODE = 6
    order by  to_number(B.BRAND_CODE) asc
</select>


<!-- 모바일(태블렛 아이패드) 컬러 리스트 가져오는 쿼리 -->
<select id="get_M_Tablet_Ipad_Color_List" resultType="java.util.HashMap">
	select 
	unique C.COLOR_CODE
	,C.COLOR_NAME 
	from 
	COLOR C inner join ID_M_ITEMS MI on C.COLOR_CODE=MI.COLOR_CODE
	where
	MI.CATEGORY_CODE = 4 and MI.M_SUB_CATEGORY_CODE = 2 and MI.M_SUB_SUB_CATEGORY_CODE = 6
    order by  to_number(C.COLOR_CODE) asc
</select>

<!-- 모바일 (태블렛 안드로이드 윈도우) 브랜드 리스트 가져오는 쿼리 -->
<select id="get_M_Tablet_Android_Windows_Brand_List" resultType="java.util.HashMap">
	select 
	unique B.BRAND_CODE
	,B.BRAND_NAME 
	from 
	BRAND B inner join ID_M_ITEMS MI on B.BRAND_CODE=MI.BRAND_CODE
	where
	MI.CATEGORY_CODE = 4 and MI.M_SUB_CATEGORY_CODE = 2 and MI.M_SUB_SUB_CATEGORY_CODE = 4 or MI.M_SUB_SUB_CATEGORY_CODE = 5
    order by  to_number(B.BRAND_CODE) asc
</select>


<!-- 모바일(태블렛 안드로이드 윈도우) 컬러 리스트 가져오는 쿼리 -->
<select id="get_M_Tablet_Android_Windows_Color_List" resultType="java.util.HashMap">
	select 
	unique C.COLOR_CODE
	,C.COLOR_NAME 
	from 
	COLOR C inner join ID_M_ITEMS MI on C.COLOR_CODE=MI.COLOR_CODE
	where
	MI.CATEGORY_CODE = 4 and MI.M_SUB_CATEGORY_CODE = 2 and MI.M_SUB_SUB_CATEGORY_CODE = 4 or MI.M_SUB_SUB_CATEGORY_CODE = 5
    order by  to_number(C.COLOR_CODE) asc
</select>

<!-- 모바일 (태블렛 안드로이드 아이패드) 브랜드 리스트 가져오는 쿼리 -->
<select id="get_M_Tablet_Android_Ipad_Brand_List" resultType="java.util.HashMap">
	select 
	unique B.BRAND_CODE
	,B.BRAND_NAME 
	from 
	BRAND B inner join ID_M_ITEMS MI on B.BRAND_CODE=MI.BRAND_CODE
	where
	MI.CATEGORY_CODE = 4 and MI.M_SUB_CATEGORY_CODE = 2 and MI.M_SUB_SUB_CATEGORY_CODE = 4 or MI.M_SUB_SUB_CATEGORY_CODE = 6
    order by  to_number(B.BRAND_CODE) asc
</select>


<!-- 모바일(태블렛 안드로이드 아이패드) 컬러 리스트 가져오는 쿼리 -->
<select id="get_M_Tablet_Android_Ipad_Color_List" resultType="java.util.HashMap">
	select 
	unique C.COLOR_CODE
	,C.COLOR_NAME 
	from 
	COLOR C inner join ID_M_ITEMS MI on C.COLOR_CODE=MI.COLOR_CODE
	where
	MI.CATEGORY_CODE = 4 and MI.M_SUB_CATEGORY_CODE = 2 and MI.M_SUB_SUB_CATEGORY_CODE = 4 or MI.M_SUB_SUB_CATEGORY_CODE = 6
    order by  to_number(C.COLOR_CODE) asc
</select>

<!-- 모바일 (태블렛 윈도우 아이패드) 브랜드 리스트 가져오는 쿼리 -->
<select id="get_M_Tablet_Windows_Ipad_Brand_List" resultType="java.util.HashMap">
	select 
	unique B.BRAND_CODE
	,B.BRAND_NAME 
	from 
	BRAND B inner join ID_M_ITEMS MI on B.BRAND_CODE=MI.BRAND_CODE
	where
	MI.CATEGORY_CODE = 4 and MI.M_SUB_CATEGORY_CODE = 2 and MI.M_SUB_SUB_CATEGORY_CODE = 4 or MI.M_SUB_SUB_CATEGORY_CODE = 6
    order by  to_number(B.BRAND_CODE) asc
</select>


<!-- 모바일(태블렛 원도우 아이패드) 컬러 리스트 가져오는 쿼리 -->
<select id="get_M_Tablet_Windows_Ipad_Color_List" resultType="java.util.HashMap">
	select 
	unique C.COLOR_CODE
	,C.COLOR_NAME 
	from 
	COLOR C inner join ID_M_ITEMS MI on C.COLOR_CODE=MI.COLOR_CODE
	where
	MI.CATEGORY_CODE = 4 and MI.M_SUB_CATEGORY_CODE = 2 and MI.M_SUB_SUB_CATEGORY_CODE = 4 or MI.M_SUB_SUB_CATEGORY_CODE = 6
    order by  to_number(C.COLOR_CODE) asc
</select>

<!-- ======================================================================================================================================== -->



















</mapper>