<?xml version="1.0" encoding="UTF-8"?>
<!DOCTYPE mapper PUBLIC "-//mybatis.org//DTD Mapper 3.0//EN" "http://mybatis.org/dtd/mybatis-3-mapper.dtd">

<!-- mmmmmmmmmmmmmmmmmmmmmmmmmmmmmmmmmmmmmmmmmmmmmmmmmmmmm -->
<!-- mapper 태그 선언 -->
<!-- mmmmmmmmmmmmmmmmmmmmmmmmmmmmmmmmmmmmmmmmmmmmmmmmmmmmm -->
<mapper namespace="com.daybreak.prj.ERPDAO">



	 <!-- 게시판 글 입력하는 insert 문을 내포한 insert 태그 선언 -->
	 
    <insert id='insertErp' parameterType="com.daybreak.prj.ERPDTO">
    	insert into BO_ID_g_items( 
    			
			BO_ID_g_items
			,g_sub_sub_category_code
			,category_code
			,brand_code
			,g_item_code
			,g_item_name
			,build_day
			,energy_grade_code
			,power_consum
			,color_code
			,g_item_sizex
			,g_item_sizey
			,g_item_sizez
			,discontinued
					
			<!-- 만약에 ERPDTO 객체안의 pic 속성변수에 데이터가 있으면 -->
			<!-- <참고> pic 속성변수에는 업로드된 파일의 새이름이 저장되어 있다. -->
			<if test="pic!=null and pic.length()>0">
			,pic
			</if>
				 		
		) values (
			
			,#{g_sub_category_code} 
			,#{g_sub_sub_category_code} 
			,#{category_code} 
			,#{brand_code} 
			,#{g_item_code} 
			,#{g_item_name} 
			,#{build_day} 
			,#{energy_grade_code} 
			,#{power_consum} 
			,#{color_code} 
			,#{g_item_sizex} 
			,#{g_item_sizey} 
			,#{g_item_sizez} 
			,#{discontinued} 
			
			<!-- 만약에 BoardDTO 객체안의 pic 속성변수에 데이터가 있으면 -->
			<if test="pic!=null and pic.length()>0">
				<!-- pic 속성변수에 데이터 꺼내서 '를 붙여서 표현하기 -->
				,#{pic}
			</if>

			
		)
        
    
    </insert>


	<!--***************************************************-->
	<!-- 게시판 이미지 이름 가져오는 select 문을 내포한 select 태그 선언 -->
	<!--***************************************************-->
	<select id="getPic" parameterType="com.daybreak.prj.ERPDTO" resultType="String">
		select pic from BO_ID_g_items where g_item_name=#{g_item_name}
	</select>












</mapper>