<?xml version="1.0" encoding="UTF-8"?>
<!DOCTYPE mapper PUBLIC "-//mybatis.org//DTD Mapper 3.0//EN" "http://mybatis.org/dtd/mybatis-3-mapper.dtd">

<mapper namespace="com.naver.erp.StaffDAO">

<!--*********************************************************************-->
<!--게시판 글 입력하는 insert 문을 내포한 insert 태그 선언 -->
	<!-- parameterType 속성은 안에 내장된 쿼리 호출하면서 삽입되는 데이터의 자료형을 지정함. -->
	<!-- insert 태그 안에는 resultType 속성이 없다. 리턴값은 자동으로 int형이다. -->
	<!-- insert, update,delete 태그도 동일하다. -->
<!--*********************************************************************-->


<!--*********************************************************************-->
<!--10.04 오류사항 : 서버쪽 out.print로 어느쪽의 데이터가 안넘오는지 확인이 안될시
	테이블을 복사하여 not null 로 제약조건을 없앤후 컬럼 하나하나씩 확인해봐야함!
	테이블 복사 코드  : [ create table staff2 as select * from staff where 1=2 ] -->
<!--*********************************************************************-->
	<insert id="insertStaff" parameterType="com.naver.erp.StaffDTO">
	
		insert into staff
		(
			staff_no
			,staff_name	
			,jumin_no
			,school_code	
			,religion_code		
			,graduate_day	
		) 
		values 
		(
			(select nvl(max(staff_no), 0)+1 from staff)		      									
			,#{staff_name}		
			,#{jumin_no1}||#{jumin_no2}
			,${school_code}		
			,${religion_code}		
			,#{graduation_year}||#{graduation_month}		
		)
	</insert>
<!--*********************************************************************-->		
<insert id="insertSkillList" parameterType="com.naver.erp.StaffDTO">
	
		insert into staff_skill
		(
			staff_skill_no
			,staff_no	
			,skill_code	
		) 
	select staff_skill_seq.nextval, staff_skill_no.* from (
		  <foreach collection="staff_skill_insert" item="staff_skill_insert"  separator="UNION ALL" >
		  	select	
		  		(select max(staff_no) from staff) 
  				,${staff_skill_insert}	
					FROM DUAL
		</foreach>	 
				) staff_skill_no
	</insert>
	
	
	

	
	
	
	
	
	
			

	
	

		 
	
	
	
	
	
	
	
	
	
	
	
	
	
	
	
	
	
	
	
	
	
	
	
	
	
	
	
	

	
	<!--*********************************************************************-->
	<!--게시판 검색하는 select 문을 내포한 select 태그 선언 -->
	<!--모두 String 형 이기 때문에 오라클에서 자료형이 number 인것들은 뒤에 || '' 를 붙여 문자형으로 만들고 뒤에 알리아스를  -->
	<!--*********************************************************************-->
	<select id="getStaffList" resultType="java.util.HashMap">
		select 
			  s.staff_no || ''						"staff_no"
			, s.staff_name							"staff_name"
			,case substr(s.jumin_no,7,1)
           		 	when '1' then '남'
           		 	when '3' then '남'
            		else '여' 
    		 end									"gender"
			, r.religion_name						"religion_name"
			,  (select 
      				 LISTAGG(cs.skill_name,',')WITHIN GROUP(ORDER BY cs.skill_name)   
  				from 
        			code_skill cs , staff_skill sk 
                where 
                    cs.skill_code = sk.skill_code
                    and s.staff_no = sk.staff_no) 	"skill_list" 
			, substr(s.graduate_day,1,4) || substr(s.graduate_day,5,4)						"graduate_day"
		from 
			staff s , code_religion r
		where
			s.religion_code = r.religion_code
			
	</select>
	
	
 
  
  
  
	<select id="getStaff"   parameterType="int"   resultType="com.naver.erp.StaffDTO">
        select 
              s.staff_no || ''                        "staff_no"
            , s.staff_name                            "staff_name"
            , substr(s.jumin_no, 1, 6)                "jumin_no1"
            , substr(s.jumin_no, 7, 13)               "jumin_no2"
            , s.school_code || ''                     "school_code" 
            , cs.school_name                           "school_name"
            , s.religion_code || ''                   "religion_code"
            , cr.religion_name                         "religion_name"
            , s.graduate_day                           "graduate_day"
        from 
            staff  s , code_school cs , code_religion cr
        where
            s.school_code = cs.school_code
            and
            s.religion_code = cr.religion_code
            and staff_no = #{staff_no}	
	
	</select>
	
	
	
	
	
	

	<!-- input쪽 종교 리스트 데이터 보이게 함. -->
	<select id="getReligionList"    resultType="com.naver.erp.StaffDTO">
		select 
			  	religion_code "religion_code"
			  	,religion_name "religion_name"					
		from 
			code_religion		
	</select>	
	<!-- input쪽 학력 리스트 데이터 보이게 함. -->
	<select id="getSchoolList"    resultType="com.naver.erp.StaffDTO">
		select 
			  	school_code "school_code"
			  	,school_name "school_name"					
		from 
			code_school		
	</select>		
	<!-- input쪽 기술 리스트 데이터 보이게 함. -->
	<select id="getSkillList"    resultType="com.naver.erp.StaffDTO">
		select 
			  	skill_code||''  "skill_code"
			  	,skill_name "skill_name"					
		from 
			code_skill		
	</select>	

	



<!-- 	
	
		▼▼▼▼▼▼▼▼▼8월 27일(수정)▼▼▼▼▼▼▼▼▼▼▼▼
	
	*********************************************************************
	 삭제/수정할 게시판의 존재 개수를 리턴하는 select 선언 
	*********************************************************************
	<select id="getBoardCnt" parameterType="com.naver.erp.BoardDTO"   resultType="int">
	
		select count(*) from board where b_no=#{b_no}
		
	</select>
	
		
	
*********************************************************************
 삭제/수정할 게시판의 비밀번호 개수를 리턴하는 select 선언 
*********************************************************************	
	<select id="getPwdCnt" parameterType="com.naver.erp.BoardDTO"   resultType="int">
	
		select count(*) from board where b_no=#{b_no} and pwd=#{pwd}
		
	</select>
	
	
	
*********************************************************************
 게시판 수정하는 UPDATE를  내포하는 update 태그 선언
*********************************************************************
	<update id="updateBoard" parameterType="com.naver.erp.BoardDTO"  >
	
		update
			board
		set
			subject = #{subject}
			,writer = #{writer}
			,content = #{content}
			,email = #{email}
		where
			 b_no=#{b_no} and pwd=#{pwd}	
			
	</update>





	
	

	
		▼▼▼▼▼▼▼▼▼8월 27일(삭제)▼▼▼▼▼▼▼▼▼▼▼▼
	
*********************************************************************
 삭제할 게시판의 자식글 존재 개수를 리턴하는(내포하는) select 태그 선언 
*********************************************************************	
	<select id="getChildrenCnt" parameterType="com.naver.erp.BoardDTO" resultType="int" >	

		select
			count(*)
		from
			board
		where
			group_no=(select group_no from board where b_no = #{b_no})
            and 
            print_no = (select print_no + 1 from board where b_no = #{b_no})
            and  
            print_level = (select print_level + 1 from board where b_no = #{b_no}) 
			
		
	</select>
	
*********************************************************************
 삭제될 게시판 이후 글의 출력 순서번호를 1씩 감소 시킨 후 수정하는 update 태그 선언 
*********************************************************************	
	<update id="downPrintNo" parameterType="com.naver.erp.BoardDTO"  >
	
		update
			board
		set
			print_no = print_no-1
		where
			group_no=(select group_no from board where b_no = #{b_no})
			and 
			print_no > (select print_no from board where b_no = #{b_no})	
			
	</update>
	
*********************************************************************
게시판 삭제하는 delete 내포하는 delete 태그 선언 
*********************************************************************
	<delete id="deleteBoard" parameterType="com.naver.erp.BoardDTO"  >
	
		delete from board where b_no=#{b_no} and pwd=#{pwd}
			
	</delete>			
-->		
	
	
	
</mapper>	
