<?xml version="1.0" encoding="UTF-8"?>
<!DOCTYPE mapper PUBLIC "-//mybatis.org//DTD Mapper 3.0//EN" "http://mybatis.org/dtd/mybatis-3-mapper.dtd">

<mapper namespace = "com.naver.staff.DAO.staffDAO">

<select id="getReligion" resultType="java.util.Map" >
    select * from code_religion
</select>
<select id="getSchool" resultType="java.util.Map" >
    select * from code_school
</select>
<select id="getSkill" resultType="java.util.Map" >
    select * from code_skill
</select>

<select id="getSearchStaffList" resultType="java.util.Map" parameterType="com.staff.staff.DTO.StaffSearchDTO" >
    select
st.staff_no,
st.staff_name,
cr.religion_code,
cr.religion_name,
st.graduate_day,
sfg.SKILL_NAME,
csc.school_name
from staff st
left outer join
(
select
staff_no, 
LISTAGG(cs.SKILL_NAME, ',') WITHIN GROUP (ORDER BY ss.staff_no) "SKILL_NAME"
from
staff_skill ss
left outer join
code_skill cs
on ss.skill_code = cs.skill_code
group by ss.staff_no
) sfg 
on st.staff_no = sfg.staff_no
left outer join
code_religion cr
on st.religion_code = cr.religion_code
left outer join
code_school csc
on st.school_code = csc.school_code
where
1=1
<include refid="searchWhere"/>
</select>
<sql id="searchWhere" >
<if test="religion != null and religion.length()>0" >
    and (
        cr.religion_code = ${religion}
    )
</if>
</sql>

</mapper>