<?xml version="1.0" encoding="UTF-8"?>
<!DOCTYPE mapper PUBLIC "-//mybatis.org//DTD Mapper 3.0//EN" "http://mybatis.org/dtd/mybatis-3-mapper.dtd">

<mapper namespace="com.naver.erp.StaffDAO">
<sql id="staffWhere">
<!--*********************************************************************-->
<!--게시판 글 입력하는 insert 문을 내포한 insert 태그 선언 -->
	<!-- parameterType 속성은 안에 내장된 쿼리 호출하면서 삽입되는 데이터의 자료형을 지정함. -->
	<!-- insert 태그 안에는 resultType 속성이 없다. 리턴값은 자동으로 int형이다. -->
	<!-- insert, update,delete 태그도 동일하다. -->
<!--*********************************************************************-->

			<!--=======================================-->
			<!-- 	   or , and 검색 조건 		-->
			<!-- 만약 StaffSearchDTO 객체의 속성변수 keyword1 에 문자열이 있거나 속성변수 keyword2 에 문자열이 있으면  -->
			<!--=======================================-->		
			<if test="keyword!=null and keyword.length()>0">
				and (			
					upper(s.staff_name) like upper('%${keyword}%')
					or
					upper(jumin_no) like upper('%${keyword}%')
					or
					upper(religion_name) like upper('%${keyword}%')
					or
					upper(school_name) like upper('%${keyword}%')
					or
					upper(skill_name) like upper('%${keyword}%')
					or
					to_char(graduate_day,'YYYYMMDD') like '%${keyword}%'
					or
					to_char(graduate_day,'YYYY-MM-DD') like '%${keyword}%'
					or
					to_char(graduate_day,'YYYY.MM.DD') like '%${keyword}%'
					or
					to_char(graduate_day,'YYYY/MM/DD') like '%${keyword}%'
			) 
			</if>

</sql>










<!--*********************************************************************-->
<!--10.04 오류사항 : 서버쪽 out.print로 어느쪽의 데이터가 안넘오는지 확인이 안될시
	테이블을 복사하여 not null 로 제약조건을 없앤후 컬럼 하나하나씩 확인해봐야함!
	테이블 복사 코드  : [ create table staff2 as select * from staff where 1=2 ] -->
<!--*********************************************************************-->
	<insert id="insertStaff" parameterType="com.naver.erp.StaffDTO">
	
		insert into staff
		(
			staff_no
			,staff_name	
			,jumin_no
			,school_code	
			,religion_code		
			,graduate_day	
		) 
		values 
		(
			(select nvl(max(staff_no), 0)+1 from staff)		      									
			,#{staff_name}		
			,#{jumin_no1}||#{jumin_no2}
			,${school_code}		
			,${religion_code}		
			,#{graduation_year}|| '-' || #{graduation_month}		
		)
	</insert>
<!--*********************************************************************-->		
<insert id="insertSkillList" parameterType="com.naver.erp.StaffDTO">
	
		insert into staff_skill
		(
			staff_skill_no
			,staff_no	
			,skill_code	
		) 
	select staff_skill_seq.nextval, staff_skill_no.* from (
		  <foreach collection="staff_skill_insert" item="staff_skill_insert"  separator="UNION ALL" >
		  	select	
		  		(select max(staff_no) from staff) 
  				,${staff_skill_insert}	
					FROM DUAL
		</foreach>	 
				) staff_skill_no
	</insert>
	
	
	
	
	
	
	
	
	
	
	<!-- input쪽 종교 리스트 데이터 보이게 함. -->
	<select id="getReligionList"    resultType="com.naver.erp.StaffDTO">
		select 
			  	religion_code "religion_code"
			  	,religion_name "religion_name"					
		from 
			code_religion		
	</select>	
	<!-- input쪽 학력 리스트 데이터 보이게 함. -->
	<select id="getSchoolList"    resultType="com.naver.erp.StaffDTO">
		select 
			  	school_code "school_code"
			  	,school_name "school_name"					
		from 
			code_school		
	</select>		
	<!-- input쪽 기술 리스트 데이터 보이게 함. -->
	<select id="getSkillList"    resultType="com.naver.erp.StaffDTO">
		select 
			  	skill_code||''  "skill_code"
			  	,skill_name "skill_name"					
		from 
			code_skill		
	</select>
	
	
	
	
	
	
			

	
	

		 
	
	
	
	
	
	
	
	
	
	

	
	<!--*********************************************************************-->
	<!--게시판 검색하는 select 문을 내포한 select 태그 선언 -->
	<!--모두 String 형 이기 때문에 오라클에서 자료형이 number 인것들은 뒤에 || '' 를 붙여 문자형으로 만들고 뒤에 알리아스를  -->
	<!--*********************************************************************-->
	<select id="getStaffList" parameterType = "com.naver.erp.StaffSearchDTO" resultType="java.util.HashMap">
       select * from ( select  rownum RNUM, zxcvb.* from  (
        select 
              s.staff_no || ''                        "staff_no"
            , s.staff_name                            "staff_name"
            ,case substr(s.jumin_no,7,1)
                        when '1' then '남'
                        when '3' then '남'
                    else '여' 
             end                                    "gender"
            , r.religion_name                        "religion_name"
            ,  (select 
                       LISTAGG(cs.skill_name,',')WITHIN GROUP(ORDER BY cs.skill_name)   
                  from 
                    code_skill cs , staff_skill sk 
                where 
                    cs.skill_code = sk.skill_code
                    and s.staff_no = sk.staff_no)     "skill_list" 
            , substr(s.graduate_day,1,4) || substr(s.graduate_day,5,3)                        "graduate_day"
        from 
             staff s , code_religion r , code_school csh , code_skill  csk , staff_skill ss
        where
            1=1 
			and(
		
		        upper(staff_name) like upper('%${keyword}%')
		        or
		        upper(case substr(jumin_no,7,1)
                        	when '1' then '남'
                        	when '3' then '남'
                    		else '여' 
             			end ) like upper('%${keyword}%')
				or
				upper(religion_name) like upper('%${keyword}%')
				or
				upper(school_name) like upper('%${keyword}%')
				or
				to_char(to_date(substr(graduate_day,1,4) || '-' ||  substr(graduate_day,6,2),'yyyy-mm'),'yyyy-mm') like upper('%${keyword}%')
					
					 )	            
            
			
			<if test="gender!=null and gender.size()>0">
			and
				<foreach collection="gender" item="gender" open="(" separator="or" close=")">
			
					<if test="gender==1">
						decode(substr(jumin_no,7,1),'1','남','3','남','여') ='남'
					</if>
					<if test="gender==2">
						decode(substr(jumin_no,7,1),'1','남','3','남','여') ='여'
				</if>
			</foreach>
			</if>	
			<if test="religion_code!=0">
			and	
					<if test="religion_code==1">
						religion_name = '기독교' 
					</if>
					<if test="religion_code==2">
						religion_name = '천주교' 
					</if>
					<if test="religion_code==3">
						religion_name = '불교' 
					</if>
					<if test="religion_code==4">
						religion_name = '이슬람' 
					</if>
					<if test="religion_code==5">
						religion_name = '무교' 
					</if>

			</if>
			<if test="school_code!=null and school_code.size()>0">
			and		
				<foreach collection="school_code" item="school_code" open="(" separator="or" close=")">
			
					<if test="school_code==1">
						school_name = '고졸' 
					</if>
					<if test="school_code==2">
						school_name = '전문대졸' 
					</if>
					<if test="school_code==3">
						school_name = '일반대졸' 
					</if>
				</foreach>
			</if>
			<if test="skill_code!=null and skill_code.size()>0">
			and		
				<foreach collection="skill_code" item="skill_code" open="(" separator="or" close=")">		
					<if test="skill_code==1">
						skill_name = 'Java' 
					</if>
					<if test="skill_code==2">
						skill_name = 'JSP' 
					</if>
					<if test="skill_code==3">
						skill_name = 'ASP' 
					</if>
					<if test="skill_code==4">
						skill_name = 'PHP' 
					</if>
					<if test="skill_code==5">
						skill_name = 'Delphi' 
					</if>
					<if test="skill_code==6">
						skill_name = 'Python' 
					</if>					
				</foreach>
			</if>
					
            and 
            s.religion_code = r.religion_code
            and
            s.school_code = csh.school_code 
            and
            s.staff_no = ss.staff_no
            and
            csk.skill_code = ss.skill_code               
            order by 
            	ss.staff_no desc
     
            )  zxcvb
            
        <![CDATA[
        
		where  rownum <= ${selectPageNo*rowCntPerPage}) where  RNUM >=${selectPageNo*rowCntPerPage-rowCntPerPage+1}    
        
      ]]>
				
			
	</select>
	

 
	<select id = "getStaffListAllCnt"	parameterType="com.naver.erp.StaffSearchDTO"  resultType = "int">
	
	select
		count(*)
	from
		staff
	where
		1=1
				<!-- <include refid="staffWhere"/>	 -->	
	
	</select>
  
  
  
  
  
  
  
  
  
  
  
  
  
  
 
	<select id="getStaff"   parameterType="int"   resultType="com.naver.erp.StaffDTO">
        select 
              s.staff_no || ''                        "staff_no"
            , s.staff_name                            "staff_name"
            , substr(s.jumin_no, 1, 6)                "jumin_no1"
            , substr(s.jumin_no, 7, 7)               "jumin_no2"
            , s.school_code || ''                     "school_code" 
            , cs.school_name                          "school_name"
            , s.religion_code || ''                   "religion_code"
            , cr.religion_name                         "religion_name"
            , substr(s.GRADUATE_DAY,1,4)              "graduation_year"
            , substr(s.GRADUATE_DAY,6,2)              "graduation_month"


        from 
            staff  s , code_school cs , code_religion cr ,  staff_skill ssk , code_skill csk
        where
            s.school_code = cs.school_code
            and
            s.religion_code = cr.religion_code
            and
            s.staff_no = ssk.staff_no(+)
            and
             ssk.skill_code = csk.skill_code
             and
            s.staff_no = #{staff_no}
         group by 
         s.staff_no , s.staff_name 
         , substr(s.jumin_no, 1, 6)               
            , substr(s.jumin_no, 7, 7)              
            , s.school_code || ''                     
            , cs.school_name                         
            , s.religion_code || ''                  
            , cr.religion_name                         
            , s.graduate_day 	
	
	</select>
	
	
	

	<select id="getStaffSkill"  parameterType="int" resultType="java.util.HashMap">
        select
        	skill_code || '' "skill_code"
		from staff_skill
		where
			staff_no = #{staff_no}
	</select>	
	
	
	
		
	
<!-- 	*********************************************************************
	 삭제/수정할 행(스킬리스트 제외)의 존재 개수를 리턴하는 select 선언 
	********************************************************************* -->
	<select id="getStaffCnt" parameterType="com.naver.erp.StaffDTO"   resultType="int">
	
		select count(*) from staff where staff_no=#{staff_no}
		
	</select>
	
	
	<!--  -->
	
<!-- 	*********************************************************************
	 삭제/수정할 스킬리스트의 존재 개수를 리턴하는 select 선언 
	********************************************************************* -->
	<select id="getStaffSkillCnt" parameterType="com.naver.erp.StaffDTO"   resultType="int">
	
		 select count(*) from staff_skill  where staff_no = #{staff_no}
		
	</select>	
		
	

	
<!-- *********************************************************************
 한 행(스킬리스트 제외)을 삭제하는 delete 내포하는 delete 태그 선언 
********************************************************************* -->
	<delete id="deleteStaff" parameterType="com.naver.erp.StaffDTO"  >
	
		delete from staff where staff_no=#{staff_no}
			
	</delete>		
	
	
	
	
	
	
	
	
	<!-- 밑에는 수정부분입니다. -->
	
<!-- *********************************************************************
 해당 행의 스킬리스트를 삭제하는 delete 내포하는 delete 태그 선언 
********************************************************************* -->
	<delete id="deleteStaffSkill" parameterType="com.naver.erp.StaffDTO"  >
	
		delete from staff_skill where staff_no=#{staff_no}
			
	</delete>	
	
	
<!-- 	*********************************************************************
	 staff 수정하는 UPDATE를  내포하는 update 태그 선언
	********************************************************************* -->
	<update id="updateStaff" parameterType="com.naver.erp.StaffDTO"  >
	
		update
			staff
		set
			staff_name = #{staff_name}
			,jumin_no = #{jumin_no1} || #{jumin_no2} 
			,religion_code = ${religion_code}
			,school_code = ${school_code}
			,graduate_day = #{graduation_year} ||'-'||  #{graduation_month}
		where
			 staff_no=${staff_no}	
			
	</update>
	


<!-- (수정)같은 인설트 ㅋ -->
<insert id="insertUpdateSkillList" parameterType="com.naver.erp.StaffDTO">
	
		insert into staff_skill
		(
			staff_skill_no
			,staff_no	
			,skill_code	
		) 
	select staff_skill_seq.nextval, staff_skill_no.* from (
		  <foreach collection="StaffSkillList" item="StaffSkillList"  separator="UNION ALL" >
		  	select	
		  		#{staff_no}
  				,${StaffSkillList}	
					FROM DUAL
		</foreach>	 
				) staff_skill_no
	</insert>


<!--     <foreach item="update_staff_skill" index="index" collection="update_staff_skill"
      open="(" separator="," close=")">
      #{update_staff_skill}
     </foreach> -->

	



<!-- 	
	
		▼▼▼▼▼▼▼▼▼8월 27일(수정)▼▼▼▼▼▼▼▼▼▼▼▼
	
	*********************************************************************
	 삭제/수정할 게시판의 존재 개수를 리턴하는 select 선언 
	*********************************************************************
	<select id="getBoardCnt" parameterType="com.naver.erp.BoardDTO"   resultType="int">
	
		select count(*) from board where b_no=#{b_no}
		
	</select>
	
		
	
*********************************************************************
 삭제/수정할 게시판의 비밀번호 개수를 리턴하는 select 선언 
*********************************************************************	
	<select id="getPwdCnt" parameterType="com.naver.erp.BoardDTO"   resultType="int">
	
		select count(*) from board where b_no=#{b_no} and pwd=#{pwd}
		
	</select>
	
	
	
*********************************************************************
 게시판 수정하는 UPDATE를  내포하는 update 태그 선언
*********************************************************************
	<update id="updateBoard" parameterType="com.naver.erp.BoardDTO"  >
	
		update
			board
		set
			subject = #{subject}
			,writer = #{writer}
			,content = #{content}
			,email = #{email}
		where
			 b_no=#{b_no} and pwd=#{pwd}	
			
	</update>





	
	

	
		▼▼▼▼▼▼▼▼▼8월 27일(삭제)▼▼▼▼▼▼▼▼▼▼▼▼
	
*********************************************************************
 삭제할 게시판의 자식글 존재 개수를 리턴하는(내포하는) select 태그 선언 
*********************************************************************	
	<select id="getChildrenCnt" parameterType="com.naver.erp.BoardDTO" resultType="int" >	

		select
			count(*)
		from
			board
		where
			group_no=(select group_no from board where b_no = #{b_no})
            and 
            print_no = (select print_no + 1 from board where b_no = #{b_no})
            and  
            print_level = (select print_level + 1 from board where b_no = #{b_no}) 
			
		
	</select>
	
*********************************************************************
 삭제될 게시판 이후 글의 출력 순서번호를 1씩 감소 시킨 후 수정하는 update 태그 선언 
*********************************************************************	
	<update id="downPrintNo" parameterType="com.naver.erp.BoardDTO"  >
	
		update
			board
		set
			print_no = print_no-1
		where
			group_no=(select group_no from board where b_no = #{b_no})
			and 
			print_no > (select print_no from board where b_no = #{b_no})	
			
	</update>
	
*********************************************************************
게시판 삭제하는 delete 내포하는 delete 태그 선언 
*********************************************************************
	<delete id="deleteBoard" parameterType="com.naver.erp.BoardDTO"  >
	
		delete from board where b_no=#{b_no} and pwd=#{pwd}
			
	</delete>			
-->		
	
	
	
</mapper>	
